name,email,phone,ssn,address,city,state,zip,dob,age,generation,gender,race,ethnicity,marital_status,income,location_history,ip_address,os_name,os_version,device_type
Allison Hill,donaldgarcia@example.net,+1-219-560-0133,734-84-8929,79402 Peterson Drives Apt. 511,Chicago,IL,60601,2004-04-08,20,Gen Z,Male,White,Not Hispanic or Latino,Single,50000,"[{""city"": ""Denver"", ""country"": ""United States"", ""coordinates"": {""lat"": 39.7392, ""lng"": -104.9903}, ""visited_date"": ""2024-09-07"", ""duration_days"": 6, ""visit_type"": ""family""}]",99.229.142.3,Android,14,mobile
Ian Cooper,lindsay78@example.org,(518)349-5931x0341,390-36-7429,55341 Amanda Gardens Apt. 764,New York,NY,10001,1985-03-07,39,Millennial,Female,White,Not Hispanic or Latino,Single,95000,"[{""city"": ""Buenos Aires"", ""country"": ""Argentina"", ""coordinates"": {""lat"": -34.6037, ""lng"": -58.3816}, ""visited_date"": ""2023-12-03"", ""duration_days"": 10, ""visit_type"": ""business""}, {""city"": ""Doha"", ""country"": ""Qatar"", ""coordinates"": {""lat"": 25.2854, ""lng"": 51.531}, ""visited_date"": ""2023-06-12"", ""duration_days"": 11, ""visit_type"": ""business""}, {""city"": ""Houston"", ""country"": ""United States"", ""coordinates"": {""lat"": 29.7604, ""lng"": -95.3698}, ""visited_date"": ""2022-02-28"", ""duration_days"": 1, ""visit_type"": ""business""}, {""city"": ""Cancun"", ""country"": ""Mexico"", ""coordinates"": {""lat"": 21.1619, ""lng"": -86.8515}, ""visited_date"": ""2021-05-15"", ""duration_days"": 14, ""visit_type"": ""leisure""}]",96.87.125.83,macOS,Ventura 13.6,desktop
Margaret Hawkins DDS,perezantonio@example.com,(541)639-5376x7242,765-75-7020,3287 Katelyn Wall Apt. 226,New York,NY,10001,1941-04-22,83,Silent,Male,Black or African American,Not Hispanic or Latino,Widowed,50000,"[{""city"": ""Delhi"", ""country"": ""India"", ""coordinates"": {""lat"": 28.6139, ""lng"": 77.209}, ""visited_date"": ""2022-12-19"", ""duration_days"": 21, ""visit_type"": ""leisure""}, {""city"": ""Istanbul"", ""country"": ""Turkey"", ""coordinates"": {""lat"": 41.0082, ""lng"": 28.9784}, ""visited_date"": ""2021-06-08"", ""duration_days"": 7, ""visit_type"": ""relocation""}, {""city"": ""Miami"", ""country"": ""United States"", ""coordinates"": {""lat"": 25.7617, ""lng"": -80.1918}, ""visited_date"": ""2021-03-09"", ""duration_days"": 6, ""visit_type"": ""business""}]",99.46.24.56,Windows 11,23H2,desktop
Janice Carlson,jrice@example.org,+1-318-645-1462x70482,862-82-8318,52880 Burns Creek,New York,NY,10001,1960-02-13,64,Baby Boomer,Male,Two or More Races,Not Hispanic or Latino,Domestic Partnership,190000,"[{""city"": ""Osaka"", ""country"": ""Japan"", ""coordinates"": {""lat"": 34.6937, ""lng"": 135.5023}, ""visited_date"": ""2022-11-11"", ""duration_days"": 16, ""visit_type"": ""business""}]",71.1.134.91,macOS,Ventura 13.6,desktop
Sherry Decker,john39@example.org,671-882-2782,217-70-3296,5787 John Circles Suite 098,New York,NY,10001,1971-10-07,53,Gen X,Male,Black or African American,Not Hispanic or Latino,Divorced,60000,"[{""city"": ""London"", ""country"": ""United Kingdom"", ""coordinates"": {""lat"": 51.5074, ""lng"": -0.1278}, ""visited_date"": ""2024-06-27"", ""duration_days"": 10, ""visit_type"": ""transit""}]",67.40.43.248,Android,14,mobile
Daniel Jones,perezrebecca@example.com,983-547-3829,804-61-6670,16566 Shields Center,Philadelphia,PA,19101,1977-03-22,47,Gen X,Male,White,Not Hispanic or Latino,Divorced,60000,"[{""city"": ""Lisbon"", ""country"": ""Portugal"", ""coordinates"": {""lat"": 38.7223, ""lng"": -9.1393}, ""visited_date"": ""2023-02-11"", ""duration_days"": 20, ""visit_type"": ""business""}, {""city"": ""Phoenix"", ""country"": ""United States"", ""coordinates"": {""lat"": 33.4484, ""lng"": -112.074}, ""visited_date"": ""2022-08-17"", ""duration_days"": 2, ""visit_type"": ""leisure""}]",66.3.36.30,Windows 10,22H2,desktop
Victoria Garcia,zchandler@example.org,933.587.2624,896-10-7261,80132 Tucker Forest,Phoenix,AZ,85001,1958-09-08,66,Baby Boomer,Male,White,Not Hispanic or Latino,Divorced,80000,"[{""city"": ""Rio de Janeiro"", ""country"": ""Brazil"", ""coordinates"": {""lat"": -22.9068, ""lng"": -43.1729}, ""visited_date"": ""2024-04-07"", ""duration_days"": 17, ""visit_type"": ""business""}, {""city"": ""Los Angeles"", ""country"": ""United States"", ""coordinates"": {""lat"": 34.0522, ""lng"": -118.2437}, ""visited_date"": ""2024-01-13"", ""duration_days"": 7, ""visit_type"": ""family""}, {""city"": ""Houston"", ""country"": ""United States"", ""coordinates"": {""lat"": 29.7604, ""lng"": -95.3698}, ""visited_date"": ""2023-07-06"", ""duration_days"": 2, ""visit_type"": ""business""}, {""city"": ""Minneapolis"", ""country"": ""United States"", ""coordinates"": {""lat"": 44.9778, ""lng"": -93.265}, ""visited_date"": ""2021-12-02"", ""duration_days"": 6, ""visit_type"": ""leisure""}]",71.50.25.7,Linux,Ubuntu 22.04,desktop
Stephanie Martin,gallowayjoseph@example.com,268-272-3430x9805,599-62-8239,81219 Emma Freeway,Phoenix,AZ,85001,1957-07-16,67,Baby Boomer,Female,Asian,Hispanic or Latino - Other,Married,45000,"[{""city"": ""Munich"", ""country"": ""Germany"", ""coordinates"": {""lat"": 48.1351, ""lng"": 11.582}, ""visited_date"": ""2024-10-24"", ""duration_days"": 13, ""visit_type"": ""leisure""}, {""city"": ""Johannesburg"", ""country"": ""South Africa"", ""coordinates"": {""lat"": -26.2041, ""lng"": 28.0473}, ""visited_date"": ""2024-01-19"", ""duration_days"": 19, ""visit_type"": ""leisure""}, {""city"": ""Denver"", ""country"": ""United States"", ""coordinates"": {""lat"": 39.7392, ""lng"": -104.9903}, ""visited_date"": ""2023-01-17"", ""duration_days"": 2, ""visit_type"": ""business""}]",68.120.206.61,Linux,Ubuntu 22.04,desktop
Todd Hudson,harveyrobert@example.net,001-485-643-5346,469-41-1189,9911 William Curve,Los Angeles,CA,90001,1979-10-03,45,Gen X,Male,White,Not Hispanic or Latino,Separated,45000,"[{""city"": ""Cancun"", ""country"": ""Mexico"", ""coordinates"": {""lat"": 21.1619, ""lng"": -86.8515}, ""visited_date"": ""2024-04-12"", ""duration_days"": 17, ""visit_type"": ""leisure""}, {""city"": ""Sydney"", ""country"": ""Australia"", ""coordinates"": {""lat"": -33.8688, ""lng"": 151.2093}, ""visited_date"": ""2023-09-09"", ""duration_days"": 14, ""visit_type"": ""business""}, {""city"": ""Taipei"", ""country"": ""Taiwan"", ""coordinates"": {""lat"": 25.033, ""lng"": 121.5654}, ""visited_date"": ""2022-11-04"", ""duration_days"": 7, ""visit_type"": ""transit""}, {""city"": ""Singapore"", ""country"": ""Singapore"", ""coordinates"": {""lat"": 1.3521, ""lng"": 103.8198}, ""visited_date"": ""2022-10-26"", ""duration_days"": 3, ""visit_type"": ""leisure""}, {""city"": ""Chicago"", ""country"": ""United States"", ""coordinates"": {""lat"": 41.8781, ""lng"": -87.6298}, ""visited_date"": ""2022-02-04"", ""duration_days"": 2, ""visit_type"": ""family""}]",78.107.175.104,iOS,17.2,mobile
Shirley Suarez,justin78@example.net,698-608-4124x1182,620-27-5618,487 Whitehead Vista,Houston,TX,77001,1975-01-03,49,Gen X,Female,Black or African American,Not Hispanic or Latino,Married,65000,"[{""city"": ""Doha"", ""country"": ""Qatar"", ""coordinates"": {""lat"": 25.2854, ""lng"": 51.531}, ""visited_date"": ""2023-05-06"", ""duration_days"": 6, ""visit_type"": ""leisure""}, {""city"": ""San Diego"", ""country"": ""United States"", ""coordinates"": {""lat"": 32.7157, ""lng"": -117.1611}, ""visited_date"": ""2023-03-14"", ""duration_days"": 6, ""visit_type"": ""business""}, {""city"": ""Dallas"", ""country"": ""United States"", ""coordinates"": {""lat"": 32.7767, ""lng"": -96.797}, ""visited_date"": ""2023-01-22"", ""duration_days"": 3, ""visit_type"": ""business""}, {""city"": ""Chicago"", ""country"": ""United States"", ""coordinates"": {""lat"": 41.8781, ""lng"": -87.6298}, ""visited_date"": ""2022-07-26"", ""duration_days"": 6, ""visit_type"": ""leisure""}, {""city"": ""Boston"", ""country"": ""United States"", ""coordinates"": {""lat"": 42.3601, ""lng"": -71.0589}, ""visited_date"": ""2022-02-25"", ""duration_days"": 6, ""visit_type"": ""business""}, {""city"": ""Seoul"", ""country"": ""South Korea"", ""coordinates"": {""lat"": 37.5665, ""lng"": 126.978}, ""visited_date"": ""2021-11-27"", ""duration_days"": 3, ""visit_type"": ""leisure""}, {""city"": ""Philadelphia"", ""country"": ""United States"", ""coordinates"": {""lat"": 39.9526, ""lng"": -75.1652}, ""visited_date"": ""2021-10-24"", ""duration_days"": 2, ""visit_type"": ""business""}, {""city"": ""Munich"", ""country"": ""Germany"", ""coordinates"": {""lat"": 48.1351, ""lng"": 11.582}, ""visited_date"": ""2021-06-10"", ""duration_days"": 10, ""visit_type"": ""transit""}, {""city"": ""Bogot\u00e1"", ""country"": ""Colombia"", ""coordinates"": {""lat"": 4.711, ""lng"": -74.0721}, ""visited_date"": ""2021-01-28"", ""duration_days"": 9, ""visit_type"": ""leisure""}]",76.91.135.19,Windows 11,23H2,desktop
Mark Calderon,smithkellie@example.net,727-486-8011x280,441-17-0686,0533 Michael Points Suite 923,Los Angeles,CA,90001,1964-07-20,60,Baby Boomer,Prefer not to say,White,Hispanic or Latino - Other,Married,45000,"[{""city"": ""Dallas"", ""country"": ""United States"", ""coordinates"": {""lat"": 32.7767, ""lng"": -96.797}, ""visited_date"": ""2024-12-10"", ""duration_days"": 6, ""visit_type"": ""leisure""}, {""city"": ""S\u00e3o Paulo"", ""country"": ""Brazil"", ""coordinates"": {""lat"": -23.5505, ""lng"": -46.6333}, ""visited_date"": ""2023-04-14"", ""duration_days"": 15, ""visit_type"": ""leisure""}, {""city"": ""Portland"", ""country"": ""United States"", ""coordinates"": {""lat"": 45.5152, ""lng"": -122.6784}, ""visited_date"": ""2021-06-13"", ""duration_days"": 5, ""visit_type"": ""leisure""}]",105.154.207.0,macOS,Sonoma 14.2,desktop
Vanessa Cochran,vjohnson@example.com,(534)221-6073x37543,676-25-6529,1458 Frazier Ville Suite 014,New York,NY,10001,1950-11-11,74,Baby Boomer,Male,White,Not Hispanic or Latino,Married,190000,"[{""city"": ""Vancouver"", ""country"": ""Canada"", ""coordinates"": {""lat"": 49.2827, ""lng"": -123.1207}, ""visited_date"": ""2024-04-16"", ""duration_days"": 5, ""visit_type"": ""leisure""}, {""city"": ""Delhi"", ""country"": ""India"", ""coordinates"": {""lat"": 28.6139, ""lng"": 77.209}, ""visited_date"": ""2024-02-25"", ""duration_days"": 8, ""visit_type"": ""leisure""}, {""city"": ""Bogot\u00e1"", ""country"": ""Colombia"", ""coordinates"": {""lat"": 4.711, ""lng"": -74.0721}, ""visited_date"": ""2021-07-21"", ""duration_days"": 15, ""visit_type"": ""leisure""}, {""city"": ""Boston"", ""country"": ""United States"", ""coordinates"": {""lat"": 42.3601, ""lng"": -71.0589}, ""visited_date"": ""2021-07-08"", ""duration_days"": 6, ""visit_type"": ""business""}, {""city"": ""New York"", ""country"": ""United States"", ""coordinates"": {""lat"": 40.7128, ""lng"": -74.006}, ""visited_date"": ""2021-01-18"", ""duration_days"": 7, ""visit_type"": ""business""}]",71.68.237.162,Linux,Ubuntu 22.04,desktop
Victor Baker,carlsonmichael@example.com,(798)816-9340x60883,072-86-5410,148 Estrada Islands Suite 482,Houston,TX,77001,1971-07-27,53,Gen X,Female,White,Not Hispanic or Latino,Divorced,60000,"[{""city"": ""Lima"", ""country"": ""Peru"", ""coordinates"": {""lat"": -12.0464, ""lng"": -77.0428}, ""visited_date"": ""2024-10-13"", ""duration_days"": 14, ""visit_type"": ""leisure""}, {""city"": ""San Diego"", ""country"": ""United States"", ""coordinates"": {""lat"": 32.7157, ""lng"": -117.1611}, ""visited_date"": ""2024-03-05"", ""duration_days"": 6, ""visit_type"": ""business""}, {""city"": ""Barcelona"", ""country"": ""Spain"", ""coordinates"": {""lat"": 41.3851, ""lng"": 2.1734}, ""visited_date"": ""2023-12-07"", ""duration_days"": 16, ""visit_type"": ""business""}, {""city"": ""Prague"", ""country"": ""Czech Republic"", ""coordinates"": {""lat"": 50.0755, ""lng"": 14.4378}, ""visited_date"": ""2022-09-15"", ""duration_days"": 9, ""visit_type"": ""leisure""}, {""city"": ""Dallas"", ""country"": ""United States"", ""coordinates"": {""lat"": 32.7767, ""lng"": -96.797}, ""visited_date"": ""2021-07-25"", ""duration_days"": 6, ""visit_type"": ""leisure""}]",111.214.112.249,Windows 10,22H2,desktop
Maurice Gray,christinaturner@example.net,9449369957,692-28-8376,214 Davis Terrace Apt. 433,Los Angeles,CA,90001,2004-11-22,20,Gen Z,Female,Asian,Hispanic or Latino - Mexican,Domestic Partnership,250000,"[{""city"": ""Chicago"", ""country"": ""United States"", ""coordinates"": {""lat"": 41.8781, ""lng"": -87.6298}, ""visited_date"": ""2023-08-11"", ""duration_days"": 4, ""visit_type"": ""leisure""}, {""city"": ""Delhi"", ""country"": ""India"", ""coordinates"": {""lat"": 28.6139, ""lng"": 77.209}, ""visited_date"": ""2022-07-09"", ""duration_days"": 18, ""visit_type"": ""transit""}, {""city"": ""Bogot\u00e1"", ""country"": ""Colombia"", ""coordinates"": {""lat"": 4.711, ""lng"": -74.0721}, ""visited_date"": ""2021-03-02"", ""duration_days"": 13, ""visit_type"": ""leisure""}]",66.179.114.35,Android,14,mobile
Angel Riggs,gibsonolivia@example.net,567.463.2016,824-90-8487,83172 Contreras Points Suite 798,Chicago,IL,60601,1966-04-27,58,Gen X,Male,White,Not Hispanic or Latino,Married,110000,"[{""city"": ""Bangalore"", ""country"": ""India"", ""coordinates"": {""lat"": 12.9716, ""lng"": 77.5946}, ""visited_date"": ""2024-03-10"", ""duration_days"": 3, ""visit_type"": ""business""}, {""city"": ""Bogot\u00e1"", ""country"": ""Colombia"", ""coordinates"": {""lat"": 4.711, ""lng"": -74.0721}, ""visited_date"": ""2022-10-22"", ""duration_days"": 15, ""visit_type"": ""transit""}]",99.38.124.52,iOS,16.7,mobile
Terry Griffin,juliawells@example.com,001-334-487-3471x43455,155-30-6276,316 Rivera Mountain,New York,NY,10001,1968-10-26,56,Gen X,Male,White,Not Hispanic or Latino,Single,70000,"[{""city"": ""Paris"", ""country"": ""France"", ""coordinates"": {""lat"": 48.8566, ""lng"": 2.3522}, ""visited_date"": ""2021-06-21"", ""duration_days"": 17, ""visit_type"": ""transit""}]",97.222.90.138,iOS,17.2,mobile
Daniel Fisher,gateskathy@example.com,805.946.6889x3734,030-50-5508,272 Rebecca Ramp Apt. 162,Phoenix,AZ,85001,1962-07-27,62,Baby Boomer,Female,White,Hispanic or Latino - Mexican,Divorced,30000,"[{""city"": ""Rome"", ""country"": ""Italy"", ""coordinates"": {""lat"": 41.9028, ""lng"": 12.4964}, ""visited_date"": ""2024-04-24"", ""duration_days"": 20, ""visit_type"": ""leisure""}, {""city"": ""Minneapolis"", ""country"": ""United States"", ""coordinates"": {""lat"": 44.9778, ""lng"": -93.265}, ""visited_date"": ""2023-12-16"", ""duration_days"": 4, ""visit_type"": ""leisure""}, {""city"": ""Dallas"", ""country"": ""United States"", ""coordinates"": {""lat"": 32.7767, ""lng"": -96.797}, ""visited_date"": ""2023-05-22"", ""duration_days"": 4, ""visit_type"": ""leisure""}, {""city"": ""Austin"", ""country"": ""United States"", ""coordinates"": {""lat"": 30.2672, ""lng"": -97.7431}, ""visited_date"": ""2022-09-01"", ""duration_days"": 2, ""visit_type"": ""leisure""}, {""city"": ""Las Vegas"", ""country"": ""United States"", ""coordinates"": {""lat"": 36.1699, ""lng"": -115.1398}, ""visited_date"": ""2021-01-03"", ""duration_days"": 4, ""visit_type"": ""business""}]",103.169.180.232,Windows 10,22H2,desktop
Catherine Green,jason55@example.com,264-517-0805x310,205-03-2497,71937 Wang Expressway,New York,NY,10001,1996-06-04,28,Millennial,Female,Two or More Races,Not Hispanic or Latino,Single,70000,"[{""city"": ""Amsterdam"", ""country"": ""Netherlands"", ""coordinates"": {""lat"": 52.3676, ""lng"": 4.9041}, ""visited_date"": ""2023-05-02"", ""duration_days"": 20, ""visit_type"": ""relocation""}, {""city"": ""Dubai"", ""country"": ""UAE"", ""coordinates"": {""lat"": 25.2048, ""lng"": 55.2708}, ""visited_date"": ""2022-03-10"", ""duration_days"": 20, ""visit_type"": ""business""}]",73.251.52.6,iOS,17.2,mobile
Tracey Higgins,tamirodriguez@example.org,296-763-1931x4919,546-55-6072,506 Garcia Lake,Los Angeles,CA,90001,1987-01-09,37,Millennial,Female,White,Hispanic or Latino - Mexican,Married,45000,"[{""city"": ""San Diego"", ""country"": ""United States"", ""coordinates"": {""lat"": 32.7157, ""lng"": -117.1611}, ""visited_date"": ""2024-04-21"", ""duration_days"": 6, ""visit_type"": ""business""}, {""city"": ""Lagos"", ""country"": ""Nigeria"", ""coordinates"": {""lat"": 6.5244, ""lng"": 3.3792}, ""visited_date"": ""2024-03-08"", ""duration_days"": 5, ""visit_type"": ""business""}, {""city"": ""San Francisco"", ""country"": ""United States"", ""coordinates"": {""lat"": 37.7749, ""lng"": -122.4194}, ""visited_date"": ""2023-09-13"", ""duration_days"": 4, ""visit_type"": ""leisure""}, {""city"": ""Mumbai"", ""country"": ""India"", ""coordinates"": {""lat"": 19.076, ""lng"": 72.8777}, ""visited_date"": ""2022-10-14"", ""duration_days"": 4, ""visit_type"": ""leisure""}]",66.209.230.240,macOS,Sonoma 14.2,desktop
Sandra Zimmerman,hthompson@example.net,998-577-6945x314,769-60-9337,0752 Lewis Union Suite 549,New York,NY,10001,1962-02-22,62,Baby Boomer,Male,White,Not Hispanic or Latino,Married,145000,"[{""city"": ""Mexico City"", ""country"": ""Mexico"", ""coordinates"": {""lat"": 19.4326, ""lng"": -99.1332}, ""visited_date"": ""2023-02-02"", ""duration_days"": 12, ""visit_type"": ""business""}, {""city"": ""Dallas"", ""country"": ""United States"", ""coordinates"": {""lat"": 32.7767, ""lng"": -96.797}, ""visited_date"": ""2022-08-04"", ""duration_days"": 3, ""visit_type"": ""leisure""}]",99.139.252.224,Windows 11,23H2,desktop
Desiree Smith,christophercortez@example.com,+1-837-577-0143,314-85-9529,8856 Bell Motorway Suite 443,New York,NY,10001,1984-10-09,40,Millennial,Male,White,Not Hispanic or Latino,Divorced,60000,"[{""city"": ""Jakarta"", ""country"": ""Indonesia"", ""coordinates"": {""lat"": -6.2088, ""lng"": 106.8456}, ""visited_date"": ""2024-03-16"", ""duration_days"": 17, ""visit_type"": ""leisure""}]",73.223.251.46,macOS,Ventura 13.6,desktop
Corey Wilson,jamesrodgers@example.com,001-498-694-1343x5240,047-07-9067,271 Audrey Mountains Suite 752,Los Angeles,CA,90001,1988-03-11,36,Millennial,Male,White,Hispanic or Latino - Mexican,Married,145000,"[{""city"": ""Beijing"", ""country"": ""China"", ""coordinates"": {""lat"": 39.9042, ""lng"": 116.4074}, ""visited_date"": ""2022-02-25"", ""duration_days"": 19, ""visit_type"": ""leisure""}]",69.211.27.96,macOS,Ventura 13.6,desktop
Dawn Hensley,shortrichard@example.org,001-802-529-4131,795-67-6233,4964 Chelsea Streets Apt. 334,Chicago,IL,60601,1972-01-07,52,Gen X,Male,White,Not Hispanic or Latino,Divorced,60000,"[{""city"": ""Prague"", ""country"": ""Czech Republic"", ""coordinates"": {""lat"": 50.0755, ""lng"": 14.4378}, ""visited_date"": ""2023-05-18"", ""duration_days"": 16, ""visit_type"": ""business""}]",71.58.236.60,iOS,17.2,mobile
Brooke Thompson,moorericky@example.net,+1-574-803-4471x349,118-70-3684,2102 Larson Views,New York,NY,10001,1945-09-23,79,Silent,Male,Black or African American,Hispanic or Latino - Other,Married,85000,"[{""city"": ""Minneapolis"", ""country"": ""United States"", ""coordinates"": {""lat"": 44.9778, ""lng"": -93.265}, ""visited_date"": ""2024-05-24"", ""duration_days"": 5, ""visit_type"": ""business""}, {""city"": ""Cancun"", ""country"": ""Mexico"", ""coordinates"": {""lat"": 21.1619, ""lng"": -86.8515}, ""visited_date"": ""2022-09-25"", ""duration_days"": 17, ""visit_type"": ""leisure""}, {""city"": ""Munich"", ""country"": ""Germany"", ""coordinates"": {""lat"": 48.1351, ""lng"": 11.582}, ""visited_date"": ""2021-03-15"", ""duration_days"": 14, ""visit_type"": ""leisure""}]",73.122.196.119,Android,13,mobile
Donna Martinez,holly48@example.net,271.690.6594x0139,591-06-2871,742 Walters Overpass Apt. 756,Los Angeles,CA,90001,1982-12-26,42,Millennial,Male,Two or More Races,Hispanic or Latino - Mexican,Married,65000,"[{""city"": ""Buenos Aires"", ""country"": ""Argentina"", ""coordinates"": {""lat"": -34.6037, ""lng"": -58.3816}, ""visited_date"": ""2024-08-06"", ""duration_days"": 3, ""visit_type"": ""leisure""}, {""city"": ""Montreal"", ""country"": ""Canada"", ""coordinates"": {""lat"": 45.5017, ""lng"": -73.5673}, ""visited_date"": ""2024-06-26"", ""duration_days"": 14, ""visit_type"": ""business""}, {""city"": ""Minneapolis"", ""country"": ""United States"", ""coordinates"": {""lat"": 44.9778, ""lng"": -93.265}, ""visited_date"": ""2023-08-19"", ""duration_days"": 4, ""visit_type"": ""business""}, {""city"": ""Rio de Janeiro"", ""country"": ""Brazil"", ""coordinates"": {""lat"": -22.9068, ""lng"": -43.1729}, ""visited_date"": ""2023-03-06"", ""duration_days"": 15, ""visit_type"": ""business""}, {""city"": ""Osaka"", ""country"": ""Japan"", ""coordinates"": {""lat"": 34.6937, ""lng"": 135.5023}, ""visited_date"": ""2022-11-18"", ""duration_days"": 17, ""visit_type"": ""business""}, {""city"": ""Lima"", ""country"": ""Peru"", ""coordinates"": {""lat"": -12.0464, ""lng"": -77.0428}, ""visited_date"": ""2022-08-09"", ""duration_days"": 17, ""visit_type"": ""leisure""}, {""city"": ""Beijing"", ""country"": ""China"", ""coordinates"": {""lat"": 39.9042, ""lng"": 116.4074}, ""visited_date"": ""2022-07-05"", ""duration_days"": 16, ""visit_type"": ""business""}, {""city"": ""Las Vegas"", ""country"": ""United States"", ""coordinates"": {""lat"": 36.1699, ""lng"": -115.1398}, ""visited_date"": ""2022-04-24"", ""duration_days"": 1, ""visit_type"": ""business""}, {""city"": ""Bogot\u00e1"", ""country"": ""Colombia"", ""coordinates"": {""lat"": 4.711, ""lng"": -74.0721}, ""visited_date"": ""2021-09-02"", ""duration_days"": 10, ""visit_type"": ""leisure""}]",78.217.128.233,Android,14,mobile
Michael Hodge,robert74@example.net,(980)871-5451x6808,056-25-8495,770 Joseph Curve Suite 771,New York,NY,10001,1982-02-08,42,Millennial,Male,White,Not Hispanic or Latino,Married,45000,"[{""city"": ""London"", ""country"": ""United Kingdom"", ""coordinates"": {""lat"": 51.5074, ""lng"": -0.1278}, ""visited_date"": ""2023-11-04"", ""duration_days"": 4, ""visit_type"": ""transit""}, {""city"": ""San Diego"", ""country"": ""United States"", ""coordinates"": {""lat"": 32.7157, ""lng"": -117.1611}, ""visited_date"": ""2023-04-05"", ""duration_days"": 3, ""visit_type"": ""family""}, {""city"": ""Cape Town"", ""country"": ""South Africa"", ""coordinates"": {""lat"": -33.9249, ""lng"": 18.4241}, ""visited_date"": ""2023-02-10"", ""duration_days"": 16, ""visit_type"": ""leisure""}, {""city"": ""Cancun"", ""country"": ""Mexico"", ""coordinates"": {""lat"": 21.1619, ""lng"": -86.8515}, ""visited_date"": ""2022-12-28"", ""duration_days"": 6, ""visit_type"": ""leisure""}, {""city"": ""Austin"", ""country"": ""United States"", ""coordinates"": {""lat"": 30.2672, ""lng"": -97.7431}, ""visited_date"": ""2022-08-02"", ""duration_days"": 6, ""visit_type"": ""leisure""}, {""city"": ""Atlanta"", ""country"": ""United States"", ""coordinates"": {""lat"": 33.749, ""lng"": -84.388}, ""visited_date"": ""2022-03-09"", ""duration_days"": 4, ""visit_type"": ""family""}]",72.72.115.203,Linux,Ubuntu 22.04,desktop
Mark Lloyd,lancesmith@example.com,631-871-2748,855-62-7737,8263 Michelle Harbor,Houston,TX,77001,1983-01-09,41,Millennial,Female,White,Not Hispanic or Latino,Married,110000,"[{""city"": ""Philadelphia"", ""country"": ""United States"", ""coordinates"": {""lat"": 39.9526, ""lng"": -75.1652}, ""visited_date"": ""2024-12-12"", ""duration_days"": 4, ""visit_type"": ""business""}, {""city"": ""Portland"", ""country"": ""United States"", ""coordinates"": {""lat"": 45.5152, ""lng"": -122.6784}, ""visited_date"": ""2024-08-20"", ""duration_days"": 3, ""visit_type"": ""leisure""}, {""city"": ""Phoenix"", ""country"": ""United States"", ""coordinates"": {""lat"": 33.4484, ""lng"": -112.074}, ""visited_date"": ""2024-03-02"", ""duration_days"": 3, ""visit_type"": ""family""}, {""city"": ""San Diego"", ""country"": ""United States"", ""coordinates"": {""lat"": 32.7157, ""lng"": -117.1611}, ""visited_date"": ""2023-07-15"", ""duration_days"": 6, ""visit_type"": ""leisure""}, {""city"": ""New York"", ""country"": ""United States"", ""coordinates"": {""lat"": 40.7128, ""lng"": -74.006}, ""visited_date"": ""2021-10-24"", ""duration_days"": 4, ""visit_type"": ""family""}, {""city"": ""Toronto"", ""country"": ""Canada"", ""coordinates"": {""lat"": 43.6532, ""lng"": -79.3832}, ""visited_date"": ""2021-02-04"", ""duration_days"": 20, ""visit_type"": ""business""}]",76.50.188.183,Windows 11,23H2,desktop
Sarah Morgan,lori44@example.net,001-872-978-7558,330-25-3913,60576 Mcneil Turnpike Apt. 702,New York,NY,10001,1942-02-22,82,Silent,Male,White,Hispanic or Latino - Other,Married,85000,"[{""city"": ""Chicago"", ""country"": ""United States"", ""coordinates"": {""lat"": 41.8781, ""lng"": -87.6298}, ""visited_date"": ""2024-12-03"", ""duration_days"": 7, ""visit_type"": ""leisure""}, {""city"": ""New York"", ""country"": ""United States"", ""coordinates"": {""lat"": 40.7128, ""lng"": -74.006}, ""visited_date"": ""2024-03-09"", ""duration_days"": 5, ""visit_type"": ""leisure""}, {""city"": ""Washington D.C."", ""country"": ""United States"", ""coordinates"": {""lat"": 38.9072, ""lng"": -77.0369}, ""visited_date"": ""2023-10-02"", ""duration_days"": 7, ""visit_type"": ""family""}, {""city"": ""Lagos"", ""country"": ""Nigeria"", ""coordinates"": {""lat"": 6.5244, ""lng"": 3.3792}, ""visited_date"": ""2023-07-15"", ""duration_days"": 16, ""visit_type"": ""transit""}, {""city"": ""San Diego"", ""country"": ""United States"", ""coordinates"": {""lat"": 32.7157, ""lng"": -117.1611}, ""visited_date"": ""2022-09-19"", ""duration_days"": 5, ""visit_type"": ""business""}, {""city"": ""Berlin"", ""country"": ""Germany"", ""coordinates"": {""lat"": 52.52, ""lng"": 13.405}, ""visited_date"": ""2022-08-21"", ""duration_days"": 4, ""visit_type"": ""relocation""}, {""city"": ""Miami"", ""country"": ""United States"", ""coordinates"": {""lat"": 25.7617, ""lng"": -80.1918}, ""visited_date"": ""2022-07-20"", ""duration_days"": 4, ""visit_type"": ""leisure""}, {""city"": ""Cancun"", ""country"": ""Mexico"", ""coordinates"": {""lat"": 21.1619, ""lng"": -86.8515}, ""visited_date"": ""2021-07-14"", ""duration_days"": 18, ""visit_type"": ""leisure""}, {""city"": ""Boston"", ""country"": ""United States"", ""coordinates"": {""lat"": 42.3601, ""lng"": -71.0589}, ""visited_date"": ""2021-02-26"", ""duration_days"": 7, ""visit_type"": ""family""}, {""city"": ""Atlanta"", ""country"": ""United States"", ""coordinates"": {""lat"": 33.749, ""lng"": -84.388}, ""visited_date"": ""2021-02-03"", ""duration_days"": 2, ""visit_type"": ""leisure""}]",75.204.212.48,Windows 10,22H2,desktop
Leslie Kane,dgarcia@example.org,001-826-721-7459x6158,642-92-7995,134 Julie Mews,New York,NY,10001,1997-11-16,27,Gen Z,Male,Black or African American,Not Hispanic or Latino,Single,70000,"[{""city"": ""Cancun"", ""country"": ""Mexico"", ""coordinates"": {""lat"": 21.1619, ""lng"": -86.8515}, ""visited_date"": ""2024-10-22"", ""duration_days"": 11, ""visit_type"": ""transit""}, {""city"": ""Lisbon"", ""country"": ""Portugal"", ""coordinates"": {""lat"": 38.7223, ""lng"": -9.1393}, ""visited_date"": ""2022-02-25"", ""duration_days"": 10, ""visit_type"": ""leisure""}, {""city"": ""Austin"", ""country"": ""United States"", ""coordinates"": {""lat"": 30.2672, ""lng"": -97.7431}, ""visited_date"": ""2022-02-19"", ""duration_days"": 2, ""visit_type"": ""leisure""}, {""city"": ""Cairo"", ""country"": ""Egypt"", ""coordinates"": {""lat"": 30.0444, ""lng"": 31.2357}, ""visited_date"": ""2021-09-25"", ""duration_days"": 20, ""visit_type"": ""transit""}, {""city"": ""Dubai"", ""country"": ""UAE"", ""coordinates"": {""lat"": 25.2048, ""lng"": 55.2708}, ""visited_date"": ""2021-04-28"", ""duration_days"": 20, ""visit_type"": ""business""}]",66.139.158.173,macOS,Sonoma 14.2,desktop
Paige Padilla,wallaceheather@example.org,8504455623,175-23-1294,379 Jesse Route Suite 740,New York,NY,10001,1993-02-05,31,Millennial,Female,Two or More Races,Not Hispanic or Latino,Married,85000,"[{""city"": ""Barcelona"", ""country"": ""Spain"", ""coordinates"": {""lat"": 41.3851, ""lng"": 2.1734}, ""visited_date"": ""2023-03-25"", ""duration_days"": 5, ""visit_type"": ""leisure""}, {""city"": ""Jakarta"", ""country"": ""Indonesia"", ""coordinates"": {""lat"": -6.2088, ""lng"": 106.8456}, ""visited_date"": ""2022-08-22"", ""duration_days"": 17, ""visit_type"": ""leisure""}, {""city"": ""Chicago"", ""country"": ""United States"", ""coordinates"": {""lat"": 41.8781, ""lng"": -87.6298}, ""visited_date"": ""2021-05-07"", ""duration_days"": 1, ""visit_type"": ""family""}]",75.56.145.249,iOS,17.2,mobile
Julie Roberts,charleslandry@example.net,664-674-3671x3695,023-85-6485,90974 Catherine Knoll Apt. 394,New York,NY,10001,1990-01-01,34,Millennial,Male,Two or More Races,Not Hispanic or Latino,Married,85000,"[{""city"": ""Abu Dhabi"", ""country"": ""UAE"", ""coordinates"": {""lat"": 24.4539, ""lng"": 54.3773}, ""visited_date"": ""2023-07-18"", ""duration_days"": 19, ""visit_type"": ""leisure""}]",98.36.203.21,macOS,Sonoma 14.2,desktop
Michelle Hopkins,courtneyberger@example.net,7478095214,180-26-2166,842 Sloan Orchard Suite 517,Los Angeles,CA,90001,2004-10-14,20,Gen Z,Female,Asian,Not Hispanic or Latino,Single,25000,"[{""city"": ""Las Vegas"", ""country"": ""United States"", ""coordinates"": {""lat"": 36.1699, ""lng"": -115.1398}, ""visited_date"": ""2024-07-28"", ""duration_days"": 3, ""visit_type"": ""leisure""}, {""city"": ""Manila"", ""country"": ""Philippines"", ""coordinates"": {""lat"": 14.5995, ""lng"": 120.9842}, ""visited_date"": ""2024-04-14"", ""duration_days"": 19, ""visit_type"": ""leisure""}]",68.86.39.58,iOS,17.2,mobile
Brenda Levy,zcoffey@example.net,(716)304-8175x496,692-30-7725,859 Deborah Roads,New York,NY,10001,1964-12-27,60,Baby Boomer,Female,White,Not Hispanic or Latino,Married,65000,"[{""city"": ""Nairobi"", ""country"": ""Kenya"", ""coordinates"": {""lat"": -1.2921, ""lng"": 36.8219}, ""visited_date"": ""2022-03-15"", ""duration_days"": 17, ""visit_type"": ""business""}, {""city"": ""Hong Kong"", ""country"": ""China"", ""coordinates"": {""lat"": 22.3193, ""lng"": 114.1694}, ""visited_date"": ""2021-11-19"", ""duration_days"": 13, ""visit_type"": ""leisure""}]",98.140.28.180,macOS,Ventura 13.6,desktop
Susan Turner,cwilson@example.org,471-813-8267x5869,671-13-8018,0537 Sampson Walk Suite 158,New York,NY,10001,1989-06-27,35,Millennial,Male,White,Hispanic or Latino - Other,Single,50000,"[{""city"": ""Doha"", ""country"": ""Qatar"", ""coordinates"": {""lat"": 25.2854, ""lng"": 51.531}, ""visited_date"": ""2024-04-23"", ""duration_days"": 17, ""visit_type"": ""leisure""}, {""city"": ""Houston"", ""country"": ""United States"", ""coordinates"": {""lat"": 29.7604, ""lng"": -95.3698}, ""visited_date"": ""2023-01-15"", ""duration_days"": 7, ""visit_type"": ""business""}, {""city"": ""Dallas"", ""country"": ""United States"", ""coordinates"": {""lat"": 32.7767, ""lng"": -96.797}, ""visited_date"": ""2022-12-03"", ""duration_days"": 2, ""visit_type"": ""leisure""}]",97.186.190.144,macOS,Sonoma 14.2,desktop
Maria Brown,james17@example.org,+1-539-500-5329x31839,337-19-9765,2284 Daniel Way,Houston,TX,77001,1969-11-21,55,Gen X,Male,White,Not Hispanic or Latino,Married,85000,"[{""city"": ""Atlanta"", ""country"": ""United States"", ""coordinates"": {""lat"": 33.749, ""lng"": -84.388}, ""visited_date"": ""2024-11-22"", ""duration_days"": 3, ""visit_type"": ""leisure""}, {""city"": ""Portland"", ""country"": ""United States"", ""coordinates"": {""lat"": 45.5152, ""lng"": -122.6784}, ""visited_date"": ""2024-11-11"", ""duration_days"": 5, ""visit_type"": ""family""}, {""city"": ""Cancun"", ""country"": ""Mexico"", ""coordinates"": {""lat"": 21.1619, ""lng"": -86.8515}, ""visited_date"": ""2024-06-10"", ""duration_days"": 9, ""visit_type"": ""business""}, {""city"": ""Barcelona"", ""country"": ""Spain"", ""coordinates"": {""lat"": 41.3851, ""lng"": 2.1734}, ""visited_date"": ""2023-02-10"", ""duration_days"": 6, ""visit_type"": ""transit""}, {""city"": ""San Francisco"", ""country"": ""United States"", ""coordinates"": {""lat"": 37.7749, ""lng"": -122.4194}, ""visited_date"": ""2022-08-07"", ""duration_days"": 2, ""visit_type"": ""business""}, {""city"": ""Rome"", ""country"": ""Italy"", ""coordinates"": {""lat"": 41.9028, ""lng"": 12.4964}, ""visited_date"": ""2022-03-22"", ""duration_days"": 19, ""visit_type"": ""leisure""}]",77.78.83.92,Android,14,mobile
Adrian Tyler,briannasmith@example.com,3269811775,516-29-0711,0076 Parks Overpass Suite 115,Houston,TX,77001,1957-12-15,67,Baby Boomer,Male,White,Not Hispanic or Latino,Separated,60000,"[{""city"": ""Bogot\u00e1"", ""country"": ""Colombia"", ""coordinates"": {""lat"": 4.711, ""lng"": -74.0721}, ""visited_date"": ""2024-12-28"", ""duration_days"": 6, ""visit_type"": ""leisure""}, {""city"": ""Lagos"", ""country"": ""Nigeria"", ""coordinates"": {""lat"": 6.5244, ""lng"": 3.3792}, ""visited_date"": ""2023-07-03"", ""duration_days"": 10, ""visit_type"": ""transit""}, {""city"": ""Seattle"", ""country"": ""United States"", ""coordinates"": {""lat"": 47.6062, ""lng"": -122.3321}, ""visited_date"": ""2022-02-25"", ""duration_days"": 4, ""visit_type"": ""business""}, {""city"": ""Buenos Aires"", ""country"": ""Argentina"", ""coordinates"": {""lat"": -34.6037, ""lng"": -58.3816}, ""visited_date"": ""2022-01-21"", ""duration_days"": 14, ""visit_type"": ""leisure""}, {""city"": ""Dublin"", ""country"": ""Ireland"", ""coordinates"": {""lat"": 53.3498, ""lng"": -6.2603}, ""visited_date"": ""2021-03-27"", ""duration_days"": 7, ""visit_type"": ""business""}]",110.13.212.27,macOS,Sonoma 14.2,desktop
Ana Hill,oscar98@example.com,789.961.1836x736,409-54-1558,5452 Jones Village Apt. 161,Los Angeles,CA,90001,1988-06-08,36,Millennial,Male,Two or More Races,Hispanic or Latino - Mexican,Married,145000,"[{""city"": ""Hong Kong"", ""country"": ""China"", ""coordinates"": {""lat"": 22.3193, ""lng"": 114.1694}, ""visited_date"": ""2021-08-20"", ""duration_days"": 5, ""visit_type"": ""business""}]",68.110.76.216,Windows 11,23H2,desktop
Jacqueline Anderson,willisanna@example.com,+1-416-956-0494x51983,230-14-5737,49368 Chelsea Shoals Suite 024,New York,NY,10001,1989-04-14,35,Millennial,Female,White,Not Hispanic or Latino,Divorced,60000,"[{""city"": ""Munich"", ""country"": ""Germany"", ""coordinates"": {""lat"": 48.1351, ""lng"": 11.582}, ""visited_date"": ""2024-09-12"", ""duration_days"": 19, ""visit_type"": ""business""}, {""city"": ""S\u00e3o Paulo"", ""country"": ""Brazil"", ""coordinates"": {""lat"": -23.5505, ""lng"": -46.6333}, ""visited_date"": ""2024-07-28"", ""duration_days"": 15, ""visit_type"": ""leisure""}, {""city"": ""Phoenix"", ""country"": ""United States"", ""coordinates"": {""lat"": 33.4484, ""lng"": -112.074}, ""visited_date"": ""2023-10-14"", ""duration_days"": 6, ""visit_type"": ""business""}]",74.8.182.34,macOS,Sonoma 14.2,desktop
Ellen Morgan,whitedouglas@example.net,(612)701-8366x7525,796-73-9769,22901 Ramos Manors,Chicago,IL,60601,1970-12-25,54,Gen X,Male,White,Not Hispanic or Latino,Divorced,45000,"[{""city"": ""Portland"", ""country"": ""United States"", ""coordinates"": {""lat"": 45.5152, ""lng"": -122.6784}, ""visited_date"": ""2022-09-13"", ""duration_days"": 5, ""visit_type"": ""transit""}, {""city"": ""Cairo"", ""country"": ""Egypt"", ""coordinates"": {""lat"": 30.0444, ""lng"": 31.2357}, ""visited_date"": ""2022-06-28"", ""duration_days"": 13, ""visit_type"": ""leisure""}, {""city"": ""Dallas"", ""country"": ""United States"", ""coordinates"": {""lat"": 32.7767, ""lng"": -96.797}, ""visited_date"": ""2022-02-26"", ""duration_days"": 4, ""visit_type"": ""leisure""}, {""city"": ""Chicago"", ""country"": ""United States"", ""coordinates"": {""lat"": 41.8781, ""lng"": -87.6298}, ""visited_date"": ""2021-05-02"", ""duration_days"": 2, ""visit_type"": ""family""}]",101.173.95.254,iOS,16.7,mobile
Mr. Donald Fischer,reeddaniel@example.net,+1-497-684-0369x00343,297-42-1966,6226 Vincent Village,Los Angeles,CA,90001,1955-02-24,69,Baby Boomer,Male,White,Hispanic or Latino - Other,Married,65000,"[{""city"": ""Cancun"", ""country"": ""Mexico"", ""coordinates"": {""lat"": 21.1619, ""lng"": -86.8515}, ""visited_date"": ""2022-08-20"", ""duration_days"": 8, ""visit_type"": ""leisure""}]",107.179.228.21,iOS,16.7,mobile
Heather Sanders,grahamsteve@example.org,796-396-6416x05297,448-14-3987,681 Harrell Summit Suite 352,Phoenix,AZ,85001,1973-05-21,51,Gen X,Prefer not to say,Two or More Races,Not Hispanic or Latino,Married,85000,"[{""city"": ""Dubai"", ""country"": ""UAE"", ""coordinates"": {""lat"": 25.2048, ""lng"": 55.2708}, ""visited_date"": ""2024-10-05"", ""duration_days"": 14, ""visit_type"": ""leisure""}, {""city"": ""S\u00e3o Paulo"", ""country"": ""Brazil"", ""coordinates"": {""lat"": -23.5505, ""lng"": -46.6333}, ""visited_date"": ""2024-01-24"", ""duration_days"": 19, ""visit_type"": ""business""}, {""city"": ""Buenos Aires"", ""country"": ""Argentina"", ""coordinates"": {""lat"": -34.6037, ""lng"": -58.3816}, ""visited_date"": ""2022-08-25"", ""duration_days"": 7, ""visit_type"": ""business""}, {""city"": ""Los Angeles"", ""country"": ""United States"", ""coordinates"": {""lat"": 34.0522, ""lng"": -118.2437}, ""visited_date"": ""2022-07-11"", ""duration_days"": 2, ""visit_type"": ""leisure""}, {""city"": ""Austin"", ""country"": ""United States"", ""coordinates"": {""lat"": 30.2672, ""lng"": -97.7431}, ""visited_date"": ""2021-09-04"", ""duration_days"": 3, ""visit_type"": ""business""}]",101.146.251.102,Windows 11,23H2,desktop
Mark Schmidt,rebeccabailey@example.net,+1-923-912-4329x2127,698-73-5296,71774 Vargas Knoll Apt. 477,Houston,TX,77001,1982-02-26,42,Millennial,Female,Black or African American,Not Hispanic or Latino,Married,45000,"[{""city"": ""Paris"", ""country"": ""France"", ""coordinates"": {""lat"": 48.8566, ""lng"": 2.3522}, ""visited_date"": ""2023-10-03"", ""duration_days"": 15, ""visit_type"": ""business""}, {""city"": ""Phoenix"", ""country"": ""United States"", ""coordinates"": {""lat"": 33.4484, ""lng"": -112.074}, ""visited_date"": ""2023-03-08"", ""duration_days"": 1, ""visit_type"": ""family""}, {""city"": ""Tel Aviv"", ""country"": ""Israel"", ""coordinates"": {""lat"": 32.0853, ""lng"": 34.7818}, ""visited_date"": ""2022-09-19"", ""duration_days"": 20, ""visit_type"": ""leisure""}]",111.209.37.64,ChromeOS,120,desktop
Jacob Mitchell,gilbertwilliam@example.com,001-480-279-3597,462-14-5627,203 Ritter Pine,Chicago,IL,60601,1981-06-05,43,Millennial,Female,White,Not Hispanic or Latino,Single,130000,"[{""city"": ""Boston"", ""country"": ""United States"", ""coordinates"": {""lat"": 42.3601, ""lng"": -71.0589}, ""visited_date"": ""2024-05-07"", ""duration_days"": 5, ""visit_type"": ""leisure""}, {""city"": ""Austin"", ""country"": ""United States"", ""coordinates"": {""lat"": 30.2672, ""lng"": -97.7431}, ""visited_date"": ""2023-06-17"", ""duration_days"": 7, ""visit_type"": ""family""}, {""city"": ""Atlanta"", ""country"": ""United States"", ""coordinates"": {""lat"": 33.749, ""lng"": -84.388}, ""visited_date"": ""2022-03-21"", ""duration_days"": 5, ""visit_type"": ""leisure""}]",71.78.87.172,Android,14,mobile
Caitlin Watson,paul59@example.org,+1-451-751-8644x9251,318-84-6422,148 Schneider Isle,Los Angeles,CA,90001,1959-02-02,65,Baby Boomer,Female,Asian,Not Hispanic or Latino,Married,110000,"[{""city"": ""Shanghai"", ""country"": ""China"", ""coordinates"": {""lat"": 31.2304, ""lng"": 121.4737}, ""visited_date"": ""2022-12-11"", ""duration_days"": 14, ""visit_type"": ""leisure""}, {""city"": ""Manila"", ""country"": ""Philippines"", ""coordinates"": {""lat"": 14.5995, ""lng"": 120.9842}, ""visited_date"": ""2021-08-15"", ""duration_days"": 7, ""visit_type"": ""business""}, {""city"": ""Cape Town"", ""country"": ""South Africa"", ""coordinates"": {""lat"": -33.9249, ""lng"": 18.4241}, ""visited_date"": ""2021-03-25"", ""duration_days"": 20, ""visit_type"": ""leisure""}, {""city"": ""Osaka"", ""country"": ""Japan"", ""coordinates"": {""lat"": 34.6937, ""lng"": 135.5023}, ""visited_date"": ""2021-02-23"", ""duration_days"": 17, ""visit_type"": ""business""}]",68.123.238.62,Windows 10,22H2,desktop
Meagan Calderon,lucasrodney@example.com,4544235733,080-38-1658,592 Moore Falls,New York,NY,10001,2004-07-28,20,Gen Z,Female,White,Hispanic or Latino - Mexican,Single,35000,"[{""city"": ""Istanbul"", ""country"": ""Turkey"", ""coordinates"": {""lat"": 41.0082, ""lng"": 28.9784}, ""visited_date"": ""2024-05-16"", ""duration_days"": 18, ""visit_type"": ""leisure""}, {""city"": ""Dublin"", ""country"": ""Ireland"", ""coordinates"": {""lat"": 53.3498, ""lng"": -6.2603}, ""visited_date"": ""2023-05-24"", ""duration_days"": 15, ""visit_type"": ""leisure""}, {""city"": ""London"", ""country"": ""United Kingdom"", ""coordinates"": {""lat"": 51.5074, ""lng"": -0.1278}, ""visited_date"": ""2022-09-01"", ""duration_days"": 16, ""visit_type"": ""transit""}, {""city"": ""Boston"", ""country"": ""United States"", ""coordinates"": {""lat"": 42.3601, ""lng"": -71.0589}, ""visited_date"": ""2021-04-07"", ""duration_days"": 1, ""visit_type"": ""leisure""}]",72.205.26.99,macOS,Sonoma 14.2,desktop
Patricia Lamb,jenniferwilliams@example.com,+1-937-994-7383x47359,788-37-6257,39240 Sawyer Plaza Apt. 814,New York,NY,10001,1982-09-09,42,Millennial,Female,White,Not Hispanic or Latino,Single,25000,"[{""city"": ""S\u00e3o Paulo"", ""country"": ""Brazil"", ""coordinates"": {""lat"": -23.5505, ""lng"": -46.6333}, ""visited_date"": ""2024-01-02"", ""duration_days"": 13, ""visit_type"": ""business""}, {""city"": ""Doha"", ""country"": ""Qatar"", ""coordinates"": {""lat"": 25.2854, ""lng"": 51.531}, ""visited_date"": ""2023-06-20"", ""duration_days"": 15, ""visit_type"": ""leisure""}, {""city"": ""San Francisco"", ""country"": ""United States"", ""coordinates"": {""lat"": 37.7749, ""lng"": -122.4194}, ""visited_date"": ""2021-09-15"", ""duration_days"": 5, ""visit_type"": ""business""}]",98.172.250.153,macOS,Ventura 13.6,desktop
Christopher Cole,mariahdavis@example.org,550.260.6853x615,327-13-5494,04727 Gilbert Common,New York,NY,10001,1988-07-19,36,Millennial,Male,Asian,Hispanic or Latino - Mexican,Married,110000,"[{""city"": ""Phoenix"", ""country"": ""United States"", ""coordinates"": {""lat"": 33.4484, ""lng"": -112.074}, ""visited_date"": ""2023-09-21"", ""duration_days"": 7, ""visit_type"": ""family""}, {""city"": ""Buenos Aires"", ""country"": ""Argentina"", ""coordinates"": {""lat"": -34.6037, ""lng"": -58.3816}, ""visited_date"": ""2021-03-27"", ""duration_days"": 4, ""visit_type"": ""leisure""}]",96.97.9.225,Windows 10,22H2,desktop
Daniel Hernandez,srodriguez@example.org,510-436-9711x7980,299-55-0026,96218 Jones Pine Apt. 670,New York,NY,10001,1963-09-25,61,Baby Boomer,Female,White,Hispanic or Latino - Mexican,Divorced,80000,"[{""city"": ""Dublin"", ""country"": ""Ireland"", ""coordinates"": {""lat"": 53.3498, ""lng"": -6.2603}, ""visited_date"": ""2023-05-25"", ""duration_days"": 9, ""visit_type"": ""leisure""}, {""city"": ""Istanbul"", ""country"": ""Turkey"", ""coordinates"": {""lat"": 41.0082, ""lng"": 28.9784}, ""visited_date"": ""2022-09-12"", ""duration_days"": 11, ""visit_type"": ""leisure""}, {""city"": ""Tel Aviv"", ""country"": ""Israel"", ""coordinates"": {""lat"": 32.0853, ""lng"": 34.7818}, ""visited_date"": ""2021-04-08"", ""duration_days"": 12, ""visit_type"": ""leisure""}]",99.162.245.178,iOS,17.2,mobile
Veronica King,kellycarlos@example.org,001-419-352-0585x2772,734-59-0606,03054 Hays Plains Suite 403,Phoenix,AZ,85001,1965-02-19,59,Gen X,Female,White,Hispanic or Latino - Other,Divorced,140000,"[{""city"": ""Dublin"", ""country"": ""Ireland"", ""coordinates"": {""lat"": 53.3498, ""lng"": -6.2603}, ""visited_date"": ""2024-09-06"", ""duration_days"": 18, ""visit_type"": ""leisure""}, {""city"": ""Prague"", ""country"": ""Czech Republic"", ""coordinates"": {""lat"": 50.0755, ""lng"": 14.4378}, ""visited_date"": ""2023-11-08"", ""duration_days"": 16, ""visit_type"": ""business""}, {""city"": ""Washington D.C."", ""country"": ""United States"", ""coordinates"": {""lat"": 38.9072, ""lng"": -77.0369}, ""visited_date"": ""2023-04-02"", ""duration_days"": 5, ""visit_type"": ""leisure""}, {""city"": ""Shanghai"", ""country"": ""China"", ""coordinates"": {""lat"": 31.2304, ""lng"": 121.4737}, ""visited_date"": ""2022-12-16"", ""duration_days"": 7, ""visit_type"": ""business""}, {""city"": ""Seattle"", ""country"": ""United States"", ""coordinates"": {""lat"": 47.6062, ""lng"": -122.3321}, ""visited_date"": ""2022-03-04"", ""duration_days"": 5, ""visit_type"": ""leisure""}]",101.147.164.146,iOS,17.2,mobile
Scott Williams,joshua56@example.com,001-876-452-7758x4161,559-38-5263,54479 Jackson Mills,Phoenix,AZ,85001,2002-04-18,22,Gen Z,Female,Asian,Not Hispanic or Latino,Domestic Partnership,85000,"[{""city"": ""Seattle"", ""country"": ""United States"", ""coordinates"": {""lat"": 47.6062, ""lng"": -122.3321}, ""visited_date"": ""2024-12-11"", ""duration_days"": 5, ""visit_type"": ""family""}, {""city"": ""Berlin"", ""country"": ""Germany"", ""coordinates"": {""lat"": 52.52, ""lng"": 13.405}, ""visited_date"": ""2024-03-05"", ""duration_days"": 10, ""visit_type"": ""leisure""}, {""city"": ""Beijing"", ""country"": ""China"", ""coordinates"": {""lat"": 39.9042, ""lng"": 116.4074}, ""visited_date"": ""2023-12-15"", ""duration_days"": 8, ""visit_type"": ""leisure""}, {""city"": ""Seoul"", ""country"": ""South Korea"", ""coordinates"": {""lat"": 37.5665, ""lng"": 126.978}, ""visited_date"": ""2023-03-20"", ""duration_days"": 15, ""visit_type"": ""transit""}, {""city"": ""Phoenix"", ""country"": ""United States"", ""coordinates"": {""lat"": 33.4484, ""lng"": -112.074}, ""visited_date"": ""2021-09-11"", ""duration_days"": 6, ""visit_type"": ""business""}, {""city"": ""Minneapolis"", ""country"": ""United States"", ""coordinates"": {""lat"": 44.9778, ""lng"": -93.265}, ""visited_date"": ""2021-05-07"", ""duration_days"": 3, ""visit_type"": ""family""}]",70.196.120.228,Android,14,mobile
Andrew Berg,christina64@example.net,9162582029,130-09-3867,6909 Erika Land Suite 719,Phoenix,AZ,85001,1980-01-09,44,Gen X,Female,White,Not Hispanic or Latino,Single,35000,"[{""city"": ""Mexico City"", ""country"": ""Mexico"", ""coordinates"": {""lat"": 19.4326, ""lng"": -99.1332}, ""visited_date"": ""2023-04-22"", ""duration_days"": 5, ""visit_type"": ""leisure""}, {""city"": ""Prague"", ""country"": ""Czech Republic"", ""coordinates"": {""lat"": 50.0755, ""lng"": 14.4378}, ""visited_date"": ""2023-03-16"", ""duration_days"": 14, ""visit_type"": ""business""}, {""city"": ""Cancun"", ""country"": ""Mexico"", ""coordinates"": {""lat"": 21.1619, ""lng"": -86.8515}, ""visited_date"": ""2021-12-18"", ""duration_days"": 20, ""visit_type"": ""transit""}]",102.39.57.31,Android,14,mobile
Jacob Edwards,john10@example.net,(578)668-1447,711-63-3280,17271 Contreras Station,Phoenix,AZ,85001,1991-03-06,33,Millennial,Male,White,Not Hispanic or Latino,Single,50000,"[{""city"": ""London"", ""country"": ""United Kingdom"", ""coordinates"": {""lat"": 51.5074, ""lng"": -0.1278}, ""visited_date"": ""2021-03-17"", ""duration_days"": 21, ""visit_type"": ""leisure""}]",71.157.11.202,Windows 10,22H2,desktop
Joshua Vance,jenniferho@example.net,(258)731-3237,568-74-6045,291 Kyle Stravenue Suite 866,New York,NY,10001,1998-01-14,26,Gen Z,Male,White,Hispanic or Latino - Other,Domestic Partnership,45000,"[{""city"": ""Munich"", ""country"": ""Germany"", ""coordinates"": {""lat"": 48.1351, ""lng"": 11.582}, ""visited_date"": ""2023-12-08"", ""duration_days"": 3, ""visit_type"": ""transit""}, {""city"": ""Doha"", ""country"": ""Qatar"", ""coordinates"": {""lat"": 25.2854, ""lng"": 51.531}, ""visited_date"": ""2023-04-03"", ""duration_days"": 4, ""visit_type"": ""business""}, {""city"": ""Atlanta"", ""country"": ""United States"", ""coordinates"": {""lat"": 33.749, ""lng"": -84.388}, ""visited_date"": ""2022-08-22"", ""duration_days"": 4, ""visit_type"": ""family""}, {""city"": ""Phoenix"", ""country"": ""United States"", ""coordinates"": {""lat"": 33.4484, ""lng"": -112.074}, ""visited_date"": ""2022-04-24"", ""duration_days"": 1, ""visit_type"": ""family""}, {""city"": ""Boston"", ""country"": ""United States"", ""coordinates"": {""lat"": 42.3601, ""lng"": -71.0589}, ""visited_date"": ""2021-10-25"", ""duration_days"": 1, ""visit_type"": ""family""}, {""city"": ""Cape Town"", ""country"": ""South Africa"", ""coordinates"": {""lat"": -33.9249, ""lng"": 18.4241}, ""visited_date"": ""2021-04-08"", ""duration_days"": 7, ""visit_type"": ""leisure""}]",72.125.22.205,macOS,Sonoma 14.2,desktop
Angela Compton,coleerin@example.com,(489)622-6801,169-21-5287,8414 Cynthia Plaza,Los Angeles,CA,90001,1969-03-17,55,Gen X,Prefer not to say,White,Hispanic or Latino - Other,Married,110000,"[{""city"": ""Phoenix"", ""country"": ""United States"", ""coordinates"": {""lat"": 33.4484, ""lng"": -112.074}, ""visited_date"": ""2023-08-02"", ""duration_days"": 4, ""visit_type"": ""leisure""}, {""city"": ""Beijing"", ""country"": ""China"", ""coordinates"": {""lat"": 39.9042, ""lng"": 116.4074}, ""visited_date"": ""2023-05-13"", ""duration_days"": 20, ""visit_type"": ""business""}, {""city"": ""Seattle"", ""country"": ""United States"", ""coordinates"": {""lat"": 47.6062, ""lng"": -122.3321}, ""visited_date"": ""2021-09-16"", ""duration_days"": 3, ""visit_type"": ""business""}, {""city"": ""Lima"", ""country"": ""Peru"", ""coordinates"": {""lat"": -12.0464, ""lng"": -77.0428}, ""visited_date"": ""2021-09-11"", ""duration_days"": 16, ""visit_type"": ""leisure""}, {""city"": ""San Diego"", ""country"": ""United States"", ""coordinates"": {""lat"": 32.7157, ""lng"": -117.1611}, ""visited_date"": ""2021-04-28"", ""duration_days"": 7, ""visit_type"": ""business""}]",105.198.124.130,Windows 10,22H2,desktop
Mario Mendez,shawgary@example.net,(229)695-9001,667-27-9374,078 May Hollow Suite 364,Chicago,IL,60601,1944-02-18,80,Silent,Female,White,Not Hispanic or Latino,Widowed,50000,"[{""city"": ""Phoenix"", ""country"": ""United States"", ""coordinates"": {""lat"": 33.4484, ""lng"": -112.074}, ""visited_date"": ""2024-12-16"", ""duration_days"": 3, ""visit_type"": ""family""}, {""city"": ""Bogot\u00e1"", ""country"": ""Colombia"", ""coordinates"": {""lat"": 4.711, ""lng"": -74.0721}, ""visited_date"": ""2023-12-05"", ""duration_days"": 20, ""visit_type"": ""business""}, {""city"": ""Lima"", ""country"": ""Peru"", ""coordinates"": {""lat"": -12.0464, ""lng"": -77.0428}, ""visited_date"": ""2023-07-08"", ""duration_days"": 12, ""visit_type"": ""leisure""}, {""city"": ""Buenos Aires"", ""country"": ""Argentina"", ""coordinates"": {""lat"": -34.6037, ""lng"": -58.3816}, ""visited_date"": ""2023-06-11"", ""duration_days"": 21, ""visit_type"": ""leisure""}, {""city"": ""New York"", ""country"": ""United States"", ""coordinates"": {""lat"": 40.7128, ""lng"": -74.006}, ""visited_date"": ""2022-06-17"", ""duration_days"": 4, ""visit_type"": ""family""}, {""city"": ""Boston"", ""country"": ""United States"", ""coordinates"": {""lat"": 42.3601, ""lng"": -71.0589}, ""visited_date"": ""2021-08-18"", ""duration_days"": 3, ""visit_type"": ""leisure""}]",100.78.100.168,Windows 10,22H2,desktop
Michael Moore,nwashington@example.com,+1-525-955-6258x815,126-35-7367,10469 Wright Way,Los Angeles,CA,90001,1991-11-22,33,Millennial,Male,Asian,Not Hispanic or Latino,Married,145000,"[{""city"": ""Austin"", ""country"": ""United States"", ""coordinates"": {""lat"": 30.2672, ""lng"": -97.7431}, ""visited_date"": ""2024-12-05"", ""duration_days"": 5, ""visit_type"": ""business""}, {""city"": ""Abu Dhabi"", ""country"": ""UAE"", ""coordinates"": {""lat"": 24.4539, ""lng"": 54.3773}, ""visited_date"": ""2024-09-02"", ""duration_days"": 5, ""visit_type"": ""transit""}, {""city"": ""Lima"", ""country"": ""Peru"", ""coordinates"": {""lat"": -12.0464, ""lng"": -77.0428}, ""visited_date"": ""2024-01-14"", ""duration_days"": 10, ""visit_type"": ""business""}]",78.30.247.249,Windows 11,23H2,desktop
Robin Peck,james27@example.net,774.270.1687x339,052-37-8109,8016 Nicole Stream Suite 650,Los Angeles,CA,90001,1989-09-24,35,Millennial,Male,Two or More Races,Not Hispanic or Latino,Divorced,80000,"[{""city"": ""Seattle"", ""country"": ""United States"", ""coordinates"": {""lat"": 47.6062, ""lng"": -122.3321}, ""visited_date"": ""2024-08-28"", ""duration_days"": 7, ""visit_type"": ""leisure""}, {""city"": ""Lima"", ""country"": ""Peru"", ""coordinates"": {""lat"": -12.0464, ""lng"": -77.0428}, ""visited_date"": ""2024-02-13"", ""duration_days"": 20, ""visit_type"": ""leisure""}, {""city"": ""Denver"", ""country"": ""United States"", ""coordinates"": {""lat"": 39.7392, ""lng"": -104.9903}, ""visited_date"": ""2023-05-22"", ""duration_days"": 1, ""visit_type"": ""family""}, {""city"": ""Los Angeles"", ""country"": ""United States"", ""coordinates"": {""lat"": 34.0522, ""lng"": -118.2437}, ""visited_date"": ""2021-08-19"", ""duration_days"": 6, ""visit_type"": ""business""}, {""city"": ""Beijing"", ""country"": ""China"", ""coordinates"": {""lat"": 39.9042, ""lng"": 116.4074}, ""visited_date"": ""2021-01-21"", ""duration_days"": 8, ""visit_type"": ""business""}]",76.21.117.108,Android,13,mobile
Kelly Lee,charles87@example.net,599-812-1655x852,513-06-0743,57872 Mark Ridge,Chicago,IL,60601,1975-01-03,49,Gen X,Female,White,Not Hispanic or Latino,Married,65000,"[{""city"": ""Austin"", ""country"": ""United States"", ""coordinates"": {""lat"": 30.2672, ""lng"": -97.7431}, ""visited_date"": ""2023-12-24"", ""duration_days"": 6, ""visit_type"": ""business""}, {""city"": ""Boston"", ""country"": ""United States"", ""coordinates"": {""lat"": 42.3601, ""lng"": -71.0589}, ""visited_date"": ""2022-10-25"", ""duration_days"": 5, ""visit_type"": ""leisure""}, {""city"": ""Rio de Janeiro"", ""country"": ""Brazil"", ""coordinates"": {""lat"": -22.9068, ""lng"": -43.1729}, ""visited_date"": ""2022-01-04"", ""duration_days"": 5, ""visit_type"": ""leisure""}, {""city"": ""Stockholm"", ""country"": ""Sweden"", ""coordinates"": {""lat"": 59.3293, ""lng"": 18.0686}, ""visited_date"": ""2021-06-01"", ""duration_days"": 17, ""visit_type"": ""leisure""}, {""city"": ""Lima"", ""country"": ""Peru"", ""coordinates"": {""lat"": -12.0464, ""lng"": -77.0428}, ""visited_date"": ""2021-04-12"", ""duration_days"": 15, ""visit_type"": ""leisure""}, {""city"": ""Atlanta"", ""country"": ""United States"", ""coordinates"": {""lat"": 33.749, ""lng"": -84.388}, ""visited_date"": ""2021-03-22"", ""duration_days"": 4, ""visit_type"": ""leisure""}]",72.126.37.42,Windows 10,22H2,desktop
James Jensen,brittney88@example.net,994.670.5516x9409,672-75-9464,097 Alexandria Stravenue,Los Angeles,CA,90001,1957-12-13,67,Baby Boomer,Male,White,Not Hispanic or Latino,Married,85000,"[{""city"": ""Bangkok"", ""country"": ""Thailand"", ""coordinates"": {""lat"": 13.7563, ""lng"": 100.5018}, ""visited_date"": ""2024-10-20"", ""duration_days"": 15, ""visit_type"": ""leisure""}, {""city"": ""San Francisco"", ""country"": ""United States"", ""coordinates"": {""lat"": 37.7749, ""lng"": -122.4194}, ""visited_date"": ""2021-02-01"", ""duration_days"": 5, ""visit_type"": ""business""}]",68.211.198.43,iOS,16.7,mobile
Sarah Hernandez,anthonyvaughan@example.org,907.256.2636,723-18-8499,578 Edwards Extensions,Los Angeles,CA,90001,1935-10-17,89,Silent,Male,White,Not Hispanic or Latino,Divorced,60000,"[{""city"": ""Sydney"", ""country"": ""Australia"", ""coordinates"": {""lat"": -33.8688, ""lng"": 151.2093}, ""visited_date"": ""2022-08-26"", ""duration_days"": 11, ""visit_type"": ""business""}]",69.100.234.54,Windows 11,23H2,desktop
Joseph Payne,chelsea33@example.com,+1-743-644-3757,295-16-9396,5240 Moses Common Suite 747,New York,NY,10001,1980-07-26,44,Gen X,Female,White,Not Hispanic or Latino,Divorced,80000,"[{""city"": ""Prague"", ""country"": ""Czech Republic"", ""coordinates"": {""lat"": 50.0755, ""lng"": 14.4378}, ""visited_date"": ""2024-12-15"", ""duration_days"": 9, ""visit_type"": ""transit""}, {""city"": ""Philadelphia"", ""country"": ""United States"", ""coordinates"": {""lat"": 39.9526, ""lng"": -75.1652}, ""visited_date"": ""2023-10-18"", ""duration_days"": 7, ""visit_type"": ""business""}, {""city"": ""Las Vegas"", ""country"": ""United States"", ""coordinates"": {""lat"": 36.1699, ""lng"": -115.1398}, ""visited_date"": ""2022-07-12"", ""duration_days"": 5, ""visit_type"": ""business""}, {""city"": ""Stockholm"", ""country"": ""Sweden"", ""coordinates"": {""lat"": 59.3293, ""lng"": 18.0686}, ""visited_date"": ""2021-10-26"", ""duration_days"": 15, ""visit_type"": ""business""}]",74.35.209.255,Windows 11,23H2,desktop
Ronald Nelson,derrick99@example.org,908.333.0165,698-99-2253,267 Santos Throughway,New York,NY,10001,1997-12-14,27,Gen Z,Female,White,Hispanic or Latino - Other,Married,85000,"[{""city"": ""Chicago"", ""country"": ""United States"", ""coordinates"": {""lat"": 41.8781, ""lng"": -87.6298}, ""visited_date"": ""2024-05-08"", ""duration_days"": 5, ""visit_type"": ""leisure""}, {""city"": ""Lagos"", ""country"": ""Nigeria"", ""coordinates"": {""lat"": 6.5244, ""lng"": 3.3792}, ""visited_date"": ""2023-11-22"", ""duration_days"": 4, ""visit_type"": ""leisure""}, {""city"": ""Prague"", ""country"": ""Czech Republic"", ""coordinates"": {""lat"": 50.0755, ""lng"": 14.4378}, ""visited_date"": ""2021-06-26"", ""duration_days"": 3, ""visit_type"": ""leisure""}]",97.228.191.200,macOS,Ventura 13.6,desktop
Erica Brewer,pearsonjesse@example.net,001-302-762-0672x4004,292-59-8902,87431 Martin Mount Suite 205,Chicago,IL,60601,1967-06-01,57,Gen X,Female,White,Hispanic or Latino - Mexican,Married,190000,"[{""city"": ""Dublin"", ""country"": ""Ireland"", ""coordinates"": {""lat"": 53.3498, ""lng"": -6.2603}, ""visited_date"": ""2024-06-21"", ""duration_days"": 8, ""visit_type"": ""business""}, {""city"": ""Washington D.C."", ""country"": ""United States"", ""coordinates"": {""lat"": 38.9072, ""lng"": -77.0369}, ""visited_date"": ""2024-05-02"", ""duration_days"": 1, ""visit_type"": ""family""}, {""city"": ""Las Vegas"", ""country"": ""United States"", ""coordinates"": {""lat"": 36.1699, ""lng"": -115.1398}, ""visited_date"": ""2023-09-06"", ""duration_days"": 3, ""visit_type"": ""leisure""}, {""city"": ""Cape Town"", ""country"": ""South Africa"", ""coordinates"": {""lat"": -33.9249, ""lng"": 18.4241}, ""visited_date"": ""2023-03-21"", ""duration_days"": 15, ""visit_type"": ""leisure""}, {""city"": ""Atlanta"", ""country"": ""United States"", ""coordinates"": {""lat"": 33.749, ""lng"": -84.388}, ""visited_date"": ""2021-08-08"", ""duration_days"": 6, ""visit_type"": ""family""}]",71.230.219.199,Windows 11,23H2,desktop
Laura Todd,cherylfowler@example.com,(585)916-1227x53046,772-35-5401,904 Schwartz Circle Apt. 742,New York,NY,10001,1998-10-04,26,Gen Z,Female,White,Not Hispanic or Latino,Single,25000,"[{""city"": ""Rio de Janeiro"", ""country"": ""Brazil"", ""coordinates"": {""lat"": -22.9068, ""lng"": -43.1729}, ""visited_date"": ""2024-11-05"", ""duration_days"": 10, ""visit_type"": ""leisure""}, {""city"": ""Doha"", ""country"": ""Qatar"", ""coordinates"": {""lat"": 25.2854, ""lng"": 51.531}, ""visited_date"": ""2023-11-23"", ""duration_days"": 21, ""visit_type"": ""transit""}, {""city"": ""Dallas"", ""country"": ""United States"", ""coordinates"": {""lat"": 32.7767, ""lng"": -96.797}, ""visited_date"": ""2022-02-06"", ""duration_days"": 2, ""visit_type"": ""leisure""}, {""city"": ""Stockholm"", ""country"": ""Sweden"", ""coordinates"": {""lat"": 59.3293, ""lng"": 18.0686}, ""visited_date"": ""2021-07-20"", ""duration_days"": 15, ""visit_type"": ""business""}]",73.249.88.85,macOS,Ventura 13.6,desktop
Jonathan Jacobson,hannah45@example.net,932.572.7956,781-32-9762,785 Samantha Creek,New York,NY,10001,1982-10-02,42,Millennial,Female,Two or More Races,Not Hispanic or Latino,Single,50000,"[{""city"": ""Miami"", ""country"": ""United States"", ""coordinates"": {""lat"": 25.7617, ""lng"": -80.1918}, ""visited_date"": ""2024-10-04"", ""duration_days"": 5, ""visit_type"": ""business""}, {""city"": ""Istanbul"", ""country"": ""Turkey"", ""coordinates"": {""lat"": 41.0082, ""lng"": 28.9784}, ""visited_date"": ""2024-04-10"", ""duration_days"": 10, ""visit_type"": ""business""}, {""city"": ""Nairobi"", ""country"": ""Kenya"", ""coordinates"": {""lat"": -1.2921, ""lng"": 36.8219}, ""visited_date"": ""2022-03-25"", ""duration_days"": 18, ""visit_type"": ""leisure""}]",72.225.111.217,Windows 11,23H2,desktop
Joshua Wagner,franklinbond@example.com,439-871-8707,468-73-0946,406 Velasquez Summit Apt. 910,Houston,TX,77001,1965-01-15,59,Gen X,Male,Black or African American,Not Hispanic or Latino,Widowed,22000,"[{""city"": ""San Francisco"", ""country"": ""United States"", ""coordinates"": {""lat"": 37.7749, ""lng"": -122.4194}, ""visited_date"": ""2024-03-25"", ""duration_days"": 1, ""visit_type"": ""family""}, {""city"": ""Austin"", ""country"": ""United States"", ""coordinates"": {""lat"": 30.2672, ""lng"": -97.7431}, ""visited_date"": ""2023-03-23"", ""duration_days"": 2, ""visit_type"": ""leisure""}, {""city"": ""Manila"", ""country"": ""Philippines"", ""coordinates"": {""lat"": 14.5995, ""lng"": 120.9842}, ""visited_date"": ""2022-12-10"", ""duration_days"": 11, ""visit_type"": ""leisure""}, {""city"": ""Amsterdam"", ""country"": ""Netherlands"", ""coordinates"": {""lat"": 52.3676, ""lng"": 4.9041}, ""visited_date"": ""2022-11-05"", ""duration_days"": 7, ""visit_type"": ""leisure""}, {""city"": ""Miami"", ""country"": ""United States"", ""coordinates"": {""lat"": 25.7617, ""lng"": -80.1918}, ""visited_date"": ""2022-09-09"", ""duration_days"": 2, ""visit_type"": ""leisure""}]",111.72.137.212,macOS,Sonoma 14.2,desktop
Michael Weaver,michaelcesar@example.com,8468226567,083-88-8836,512 Rice Stream,New York,NY,10001,1958-07-17,66,Baby Boomer,Female,Black or African American,Hispanic or Latino - Mexican,Married,85000,"[{""city"": ""Philadelphia"", ""country"": ""United States"", ""coordinates"": {""lat"": 39.9526, ""lng"": -75.1652}, ""visited_date"": ""2024-02-28"", ""duration_days"": 4, ""visit_type"": ""business""}, {""city"": ""Abu Dhabi"", ""country"": ""UAE"", ""coordinates"": {""lat"": 24.4539, ""lng"": 54.3773}, ""visited_date"": ""2024-01-04"", ""duration_days"": 17, ""visit_type"": ""leisure""}, {""city"": ""Dubai"", ""country"": ""UAE"", ""coordinates"": {""lat"": 25.2048, ""lng"": 55.2708}, ""visited_date"": ""2023-10-28"", ""duration_days"": 13, ""visit_type"": ""leisure""}, {""city"": ""Melbourne"", ""country"": ""Australia"", ""coordinates"": {""lat"": -37.8136, ""lng"": 144.9631}, ""visited_date"": ""2022-06-27"", ""duration_days"": 20, ""visit_type"": ""leisure""}]",70.103.67.154,Windows 11,23H2,desktop
Sandy Avila,steven86@example.net,(533)575-2431x0690,069-13-9732,9030 Gonzales Plains,Phoenix,AZ,85001,1994-05-03,30,Millennial,Male,American Indian or Alaska Native,Not Hispanic or Latino,Single,35000,"[{""city"": ""San Diego"", ""country"": ""United States"", ""coordinates"": {""lat"": 32.7157, ""lng"": -117.1611}, ""visited_date"": ""2024-02-11"", ""duration_days"": 3, ""visit_type"": ""leisure""}, {""city"": ""Phoenix"", ""country"": ""United States"", ""coordinates"": {""lat"": 33.4484, ""lng"": -112.074}, ""visited_date"": ""2023-09-22"", ""duration_days"": 1, ""visit_type"": ""leisure""}, {""city"": ""Vancouver"", ""country"": ""Canada"", ""coordinates"": {""lat"": 49.2827, ""lng"": -123.1207}, ""visited_date"": ""2022-02-28"", ""duration_days"": 7, ""visit_type"": ""leisure""}, {""city"": ""Las Vegas"", ""country"": ""United States"", ""coordinates"": {""lat"": 36.1699, ""lng"": -115.1398}, ""visited_date"": ""2021-02-08"", ""duration_days"": 6, ""visit_type"": ""leisure""}]",71.68.73.35,iOS,17.2,mobile
Scott Brown,jim95@example.net,+1-453-842-8364x408,570-64-0769,685 Russell Hills Suite 287,New York,NY,10001,1962-06-24,62,Baby Boomer,Male,Black or African American,Hispanic or Latino - Mexican,Married,85000,"[{""city"": ""Tel Aviv"", ""country"": ""Israel"", ""coordinates"": {""lat"": 32.0853, ""lng"": 34.7818}, ""visited_date"": ""2024-04-18"", ""duration_days"": 12, ""visit_type"": ""leisure""}, {""city"": ""New York"", ""country"": ""United States"", ""coordinates"": {""lat"": 40.7128, ""lng"": -74.006}, ""visited_date"": ""2021-06-26"", ""duration_days"": 3, ""visit_type"": ""business""}]",96.154.105.96,Android,14,mobile
Darin Mathews,lindamelendez@example.net,(568)282-6343x51751,275-49-9912,39837 Molly Isle,New York,NY,10001,2000-04-16,24,Gen Z,Male,White,Not Hispanic or Latino,Single,70000,"[{""city"": ""Berlin"", ""country"": ""Germany"", ""coordinates"": {""lat"": 52.52, ""lng"": 13.405}, ""visited_date"": ""2021-10-14"", ""duration_days"": 8, ""visit_type"": ""leisure""}]",72.8.34.7,Windows 10,22H2,desktop
Terry Lewis,suzannewilson@example.com,993.763.8546,316-34-5893,1753 Edwards Cape Apt. 204,New York,NY,10001,2000-07-17,24,Gen Z,Male,Black or African American,Not Hispanic or Latino,Single,35000,"[{""city"": ""Paris"", ""country"": ""France"", ""coordinates"": {""lat"": 48.8566, ""lng"": 2.3522}, ""visited_date"": ""2024-05-23"", ""duration_days"": 10, ""visit_type"": ""leisure""}, {""city"": ""Minneapolis"", ""country"": ""United States"", ""coordinates"": {""lat"": 44.9778, ""lng"": -93.265}, ""visited_date"": ""2024-04-03"", ""duration_days"": 1, ""visit_type"": ""family""}, {""city"": ""Dallas"", ""country"": ""United States"", ""coordinates"": {""lat"": 32.7767, ""lng"": -96.797}, ""visited_date"": ""2021-10-21"", ""duration_days"": 6, ""visit_type"": ""family""}, {""city"": ""S\u00e3o Paulo"", ""country"": ""Brazil"", ""coordinates"": {""lat"": -23.5505, ""lng"": -46.6333}, ""visited_date"": ""2021-10-20"", ""duration_days"": 8, ""visit_type"": ""business""}]",64.70.5.83,macOS,Ventura 13.6,desktop
Lauren Cortez,elijah53@example.com,001-437-785-4777,174-18-8955,80801 Kathy Loop Apt. 312,New York,NY,10001,1975-03-12,49,Gen X,Male,Black or African American,Not Hispanic or Latino,Divorced,80000,"[{""city"": ""Dublin"", ""country"": ""Ireland"", ""coordinates"": {""lat"": 53.3498, ""lng"": -6.2603}, ""visited_date"": ""2024-05-23"", ""duration_days"": 5, ""visit_type"": ""relocation""}]",75.184.28.255,Android,13,mobile
Jonathan Brooks,bhopkins@example.org,+1-286-800-8484,826-23-1754,233 Ochoa Grove,New York,NY,10001,1998-10-22,26,Gen Z,Female,White,Not Hispanic or Latino,Single,95000,"[{""city"": ""New York"", ""country"": ""United States"", ""coordinates"": {""lat"": 40.7128, ""lng"": -74.006}, ""visited_date"": ""2022-02-19"", ""duration_days"": 5, ""visit_type"": ""leisure""}, {""city"": ""Istanbul"", ""country"": ""Turkey"", ""coordinates"": {""lat"": 41.0082, ""lng"": 28.9784}, ""visited_date"": ""2021-04-11"", ""duration_days"": 13, ""visit_type"": ""business""}]",96.91.114.23,Linux,Ubuntu 22.04,desktop
Angela Chung,scunningham@example.org,910-816-6687x0021,661-43-9271,033 Nelson Club,New York,NY,10001,1985-05-11,39,Millennial,Male,White,Not Hispanic or Latino,Married,145000,"[{""city"": ""Rome"", ""country"": ""Italy"", ""coordinates"": {""lat"": 41.9028, ""lng"": 12.4964}, ""visited_date"": ""2024-06-01"", ""duration_days"": 15, ""visit_type"": ""leisure""}, {""city"": ""Abu Dhabi"", ""country"": ""UAE"", ""coordinates"": {""lat"": 24.4539, ""lng"": 54.3773}, ""visited_date"": ""2022-02-07"", ""duration_days"": 10, ""visit_type"": ""leisure""}, {""city"": ""London"", ""country"": ""United Kingdom"", ""coordinates"": {""lat"": 51.5074, ""lng"": -0.1278}, ""visited_date"": ""2022-02-02"", ""duration_days"": 19, ""visit_type"": ""transit""}, {""city"": ""S\u00e3o Paulo"", ""country"": ""Brazil"", ""coordinates"": {""lat"": -23.5505, ""lng"": -46.6333}, ""visited_date"": ""2021-12-12"", ""duration_days"": 5, ""visit_type"": ""leisure""}, {""city"": ""San Francisco"", ""country"": ""United States"", ""coordinates"": {""lat"": 37.7749, ""lng"": -122.4194}, ""visited_date"": ""2021-08-02"", ""duration_days"": 2, ""visit_type"": ""transit""}]",96.68.201.38,iOS,17.2,mobile
Diana Daniels,whitemelissa@example.org,892.761.4293,394-97-2293,501 Hall Club,New York,NY,10001,1967-04-10,57,Gen X,Male,White,Not Hispanic or Latino,Divorced,80000,"[{""city"": ""New York"", ""country"": ""United States"", ""coordinates"": {""lat"": 40.7128, ""lng"": -74.006}, ""visited_date"": ""2024-03-04"", ""duration_days"": 4, ""visit_type"": ""business""}, {""city"": ""Miami"", ""country"": ""United States"", ""coordinates"": {""lat"": 25.7617, ""lng"": -80.1918}, ""visited_date"": ""2022-07-04"", ""duration_days"": 7, ""visit_type"": ""leisure""}]",71.157.237.135,Android,13,mobile
Randy Friedman,unovak@example.org,+1-647-573-5866x2961,731-10-1345,62655 Christopher Inlet Suite 541,New York,NY,10001,1955-12-23,69,Baby Boomer,Female,White,Hispanic or Latino - Mexican,Married,110000,"[{""city"": ""Toronto"", ""country"": ""Canada"", ""coordinates"": {""lat"": 43.6532, ""lng"": -79.3832}, ""visited_date"": ""2024-02-07"", ""duration_days"": 17, ""visit_type"": ""transit""}, {""city"": ""Philadelphia"", ""country"": ""United States"", ""coordinates"": {""lat"": 39.9526, ""lng"": -75.1652}, ""visited_date"": ""2024-01-15"", ""duration_days"": 5, ""visit_type"": ""business""}, {""city"": ""Vancouver"", ""country"": ""Canada"", ""coordinates"": {""lat"": 49.2827, ""lng"": -123.1207}, ""visited_date"": ""2023-11-10"", ""duration_days"": 20, ""visit_type"": ""leisure""}, {""city"": ""Bangalore"", ""country"": ""India"", ""coordinates"": {""lat"": 12.9716, ""lng"": 77.5946}, ""visited_date"": ""2023-02-28"", ""duration_days"": 13, ""visit_type"": ""transit""}, {""city"": ""Boston"", ""country"": ""United States"", ""coordinates"": {""lat"": 42.3601, ""lng"": -71.0589}, ""visited_date"": ""2022-05-15"", ""duration_days"": 1, ""visit_type"": ""family""}, {""city"": ""Lima"", ""country"": ""Peru"", ""coordinates"": {""lat"": -12.0464, ""lng"": -77.0428}, ""visited_date"": ""2021-12-13"", ""duration_days"": 15, ""visit_type"": ""leisure""}, {""city"": ""New York"", ""country"": ""United States"", ""coordinates"": {""lat"": 40.7128, ""lng"": -74.006}, ""visited_date"": ""2021-03-12"", ""duration_days"": 2, ""visit_type"": ""business""}, {""city"": ""Dubai"", ""country"": ""UAE"", ""coordinates"": {""lat"": 25.2048, ""lng"": 55.2708}, ""visited_date"": ""2021-01-03"", ""duration_days"": 7, ""visit_type"": ""leisure""}]",73.127.9.195,Android,14,mobile
Cody Cole,fgarcia@example.com,+1-819-395-6046,743-72-3978,622 Turner Park,Los Angeles,CA,90001,1972-06-19,52,Gen X,Female,White,Not Hispanic or Latino,Married,85000,"[{""city"": ""Los Angeles"", ""country"": ""United States"", ""coordinates"": {""lat"": 34.0522, ""lng"": -118.2437}, ""visited_date"": ""2024-12-23"", ""duration_days"": 5, ""visit_type"": ""leisure""}, {""city"": ""Miami"", ""country"": ""United States"", ""coordinates"": {""lat"": 25.7617, ""lng"": -80.1918}, ""visited_date"": ""2023-10-08"", ""duration_days"": 4, ""visit_type"": ""business""}, {""city"": ""Mexico City"", ""country"": ""Mexico"", ""coordinates"": {""lat"": 19.4326, ""lng"": -99.1332}, ""visited_date"": ""2023-10-07"", ""duration_days"": 18, ""visit_type"": ""transit""}, {""city"": ""Jakarta"", ""country"": ""Indonesia"", ""coordinates"": {""lat"": -6.2088, ""lng"": 106.8456}, ""visited_date"": ""2023-04-19"", ""duration_days"": 14, ""visit_type"": ""leisure""}, {""city"": ""Toronto"", ""country"": ""Canada"", ""coordinates"": {""lat"": 43.6532, ""lng"": -79.3832}, ""visited_date"": ""2022-03-16"", ""duration_days"": 4, ""visit_type"": ""business""}, {""city"": ""Dubai"", ""country"": ""UAE"", ""coordinates"": {""lat"": 25.2048, ""lng"": 55.2708}, ""visited_date"": ""2021-06-27"", ""duration_days"": 8, ""visit_type"": ""relocation""}]",68.103.66.174,iOS,16.7,mobile
Christopher Hill,todd15@example.com,279.893.7124,341-80-6225,5692 Flores Square Apt. 752,Phoenix,AZ,85001,1954-01-01,70,Baby Boomer,Male,White,Not Hispanic or Latino,Married,85000,"[{""city"": ""Dallas"", ""country"": ""United States"", ""coordinates"": {""lat"": 32.7767, ""lng"": -96.797}, ""visited_date"": ""2022-04-22"", ""duration_days"": 2, ""visit_type"": ""leisure""}, {""city"": ""Phoenix"", ""country"": ""United States"", ""coordinates"": {""lat"": 33.4484, ""lng"": -112.074}, ""visited_date"": ""2022-03-06"", ""duration_days"": 4, ""visit_type"": ""family""}, {""city"": ""Stockholm"", ""country"": ""Sweden"", ""coordinates"": {""lat"": 59.3293, ""lng"": 18.0686}, ""visited_date"": ""2021-11-11"", ""duration_days"": 20, ""visit_type"": ""business""}]",102.150.65.90,iOS,16.7,mobile
Tracy Carter,yfaulkner@example.org,564-965-1939x82807,817-38-1134,724 Johnny Drives Suite 617,Phoenix,AZ,85001,1943-10-02,81,Silent,Male,White,Hispanic or Latino - Mexican,Widowed,50000,"[{""city"": ""Seoul"", ""country"": ""South Korea"", ""coordinates"": {""lat"": 37.5665, ""lng"": 126.978}, ""visited_date"": ""2024-04-12"", ""duration_days"": 8, ""visit_type"": ""relocation""}]",70.228.5.135,Windows 10,22H2,desktop
Karen Morales DDS,ystephens@example.com,001-789-811-3529x096,109-02-1616,88899 Sean Lock Suite 982,Chicago,IL,60601,1988-12-01,36,Millennial,Male,White,Not Hispanic or Latino,Single,50000,"[{""city"": ""Berlin"", ""country"": ""Germany"", ""coordinates"": {""lat"": 52.52, ""lng"": 13.405}, ""visited_date"": ""2024-07-21"", ""duration_days"": 16, ""visit_type"": ""business""}, {""city"": ""Miami"", ""country"": ""United States"", ""coordinates"": {""lat"": 25.7617, ""lng"": -80.1918}, ""visited_date"": ""2024-06-20"", ""duration_days"": 4, ""visit_type"": ""transit""}, {""city"": ""London"", ""country"": ""United Kingdom"", ""coordinates"": {""lat"": 51.5074, ""lng"": -0.1278}, ""visited_date"": ""2023-01-04"", ""duration_days"": 9, ""visit_type"": ""leisure""}, {""city"": ""Chicago"", ""country"": ""United States"", ""coordinates"": {""lat"": 41.8781, ""lng"": -87.6298}, ""visited_date"": ""2022-11-10"", ""duration_days"": 1, ""visit_type"": ""business""}, {""city"": ""Rio de Janeiro"", ""country"": ""Brazil"", ""coordinates"": {""lat"": -22.9068, ""lng"": -43.1729}, ""visited_date"": ""2022-03-13"", ""duration_days"": 5, ""visit_type"": ""business""}, {""city"": ""Dallas"", ""country"": ""United States"", ""coordinates"": {""lat"": 32.7767, ""lng"": -96.797}, ""visited_date"": ""2021-12-18"", ""duration_days"": 6, ""visit_type"": ""family""}]",73.251.78.27,Windows 10,22H2,desktop
Alexander Garcia,fknapp@example.org,001-925-745-7387x5717,069-39-0733,51238 Andrea Isle,Los Angeles,CA,90001,1990-08-07,34,Millennial,Male,White,Not Hispanic or Latino,Domestic Partnership,85000,"[{""city"": ""Melbourne"", ""country"": ""Australia"", ""coordinates"": {""lat"": -37.8136, ""lng"": 144.9631}, ""visited_date"": ""2022-02-21"", ""duration_days"": 8, ""visit_type"": ""leisure""}]",79.189.95.228,Windows 11,23H2,desktop
Tina Hall,lsoto@example.net,+1-366-309-3796x60334,819-69-3064,3714 Rose Route Suite 969,Los Angeles,CA,90001,1995-10-02,29,Millennial,Male,Asian,Not Hispanic or Latino,Married,145000,"[{""city"": ""Bangkok"", ""country"": ""Thailand"", ""coordinates"": {""lat"": 13.7563, ""lng"": 100.5018}, ""visited_date"": ""2024-09-19"", ""duration_days"": 21, ""visit_type"": ""transit""}, {""city"": ""Miami"", ""country"": ""United States"", ""coordinates"": {""lat"": 25.7617, ""lng"": -80.1918}, ""visited_date"": ""2023-08-10"", ""duration_days"": 7, ""visit_type"": ""business""}, {""city"": ""Buenos Aires"", ""country"": ""Argentina"", ""coordinates"": {""lat"": -34.6037, ""lng"": -58.3816}, ""visited_date"": ""2023-02-25"", ""duration_days"": 8, ""visit_type"": ""leisure""}]",67.64.21.216,Windows 11,23H2,desktop
Brian Bell,rwilliamson@example.net,899-812-5134x1252,611-18-9418,2782 Tracy Dam Apt. 579,Chicago,IL,60601,1997-10-09,27,Gen Z,Male,White,Not Hispanic or Latino,Single,50000,"[{""city"": ""Buenos Aires"", ""country"": ""Argentina"", ""coordinates"": {""lat"": -34.6037, ""lng"": -58.3816}, ""visited_date"": ""2024-02-19"", ""duration_days"": 12, ""visit_type"": ""leisure""}, {""city"": ""Bogot\u00e1"", ""country"": ""Colombia"", ""coordinates"": {""lat"": 4.711, ""lng"": -74.0721}, ""visited_date"": ""2022-07-09"", ""duration_days"": 18, ""visit_type"": ""leisure""}, {""city"": ""Denver"", ""country"": ""United States"", ""coordinates"": {""lat"": 39.7392, ""lng"": -104.9903}, ""visited_date"": ""2021-01-13"", ""duration_days"": 3, ""visit_type"": ""family""}, {""city"": ""Los Angeles"", ""country"": ""United States"", ""coordinates"": {""lat"": 34.0522, ""lng"": -118.2437}, ""visited_date"": ""2021-01-06"", ""duration_days"": 2, ""visit_type"": ""business""}]",70.243.137.190,Windows 11,23H2,desktop
Ian Smith,jamescruz@example.net,676.576.7721x90340,551-37-2756,788 Ashley Grove Suite 807,Houston,TX,77001,1985-08-28,39,Millennial,Female,White,Hispanic or Latino - Mexican,Single,180000,"[{""city"": ""Munich"", ""country"": ""Germany"", ""coordinates"": {""lat"": 48.1351, ""lng"": 11.582}, ""visited_date"": ""2023-09-19"", ""duration_days"": 9, ""visit_type"": ""business""}, {""city"": ""Amsterdam"", ""country"": ""Netherlands"", ""coordinates"": {""lat"": 52.3676, ""lng"": 4.9041}, ""visited_date"": ""2023-02-10"", ""duration_days"": 15, ""visit_type"": ""leisure""}, {""city"": ""Rio de Janeiro"", ""country"": ""Brazil"", ""coordinates"": {""lat"": -22.9068, ""lng"": -43.1729}, ""visited_date"": ""2021-09-28"", ""duration_days"": 4, ""visit_type"": ""leisure""}]",74.127.16.233,Windows 11,23H2,desktop
Wanda Garcia,kennethkidd@example.com,451-571-3395x962,834-27-0973,498 Mario Squares Suite 494,Los Angeles,CA,90001,1994-08-17,30,Millennial,Male,Two or More Races,Hispanic or Latino - Mexican,Single,50000,"[{""city"": ""Bangalore"", ""country"": ""India"", ""coordinates"": {""lat"": 12.9716, ""lng"": 77.5946}, ""visited_date"": ""2024-03-28"", ""duration_days"": 9, ""visit_type"": ""leisure""}, {""city"": ""Singapore"", ""country"": ""Singapore"", ""coordinates"": {""lat"": 1.3521, ""lng"": 103.8198}, ""visited_date"": ""2023-11-08"", ""duration_days"": 11, ""visit_type"": ""leisure""}, {""city"": ""Las Vegas"", ""country"": ""United States"", ""coordinates"": {""lat"": 36.1699, ""lng"": -115.1398}, ""visited_date"": ""2021-09-01"", ""duration_days"": 7, ""visit_type"": ""family""}]",104.242.67.88,iOS,17.2,mobile
Kayla Mccullough,taylorkaren@example.com,9424232536,592-81-4403,7116 Neal Wells Suite 775,New York,NY,10001,1995-12-23,29,Millennial,Female,White,Not Hispanic or Latino,Single,35000,"[{""city"": ""Doha"", ""country"": ""Qatar"", ""coordinates"": {""lat"": 25.2854, ""lng"": 51.531}, ""visited_date"": ""2022-11-23"", ""duration_days"": 12, ""visit_type"": ""relocation""}, {""city"": ""Lagos"", ""country"": ""Nigeria"", ""coordinates"": {""lat"": 6.5244, ""lng"": 3.3792}, ""visited_date"": ""2022-05-22"", ""duration_days"": 5, ""visit_type"": ""business""}, {""city"": ""Miami"", ""country"": ""United States"", ""coordinates"": {""lat"": 25.7617, ""lng"": -80.1918}, ""visited_date"": ""2022-05-21"", ""duration_days"": 3, ""visit_type"": ""leisure""}]",66.123.29.206,iOS,17.2,mobile
Sheila Boone,simonstephen@example.net,001-751-486-3637x454,580-63-5632,17012 Bryant Meadow,Chicago,IL,60601,1962-05-09,62,Baby Boomer,Female,White,Not Hispanic or Latino,Married,350000,"[{""city"": ""Mexico City"", ""country"": ""Mexico"", ""coordinates"": {""lat"": 19.4326, ""lng"": -99.1332}, ""visited_date"": ""2022-12-26"", ""duration_days"": 8, ""visit_type"": ""leisure""}, {""city"": ""Cape Town"", ""country"": ""South Africa"", ""coordinates"": {""lat"": -33.9249, ""lng"": 18.4241}, ""visited_date"": ""2022-11-03"", ""duration_days"": 10, ""visit_type"": ""business""}, {""city"": ""Barcelona"", ""country"": ""Spain"", ""coordinates"": {""lat"": 41.3851, ""lng"": 2.1734}, ""visited_date"": ""2022-10-10"", ""duration_days"": 6, ""visit_type"": ""leisure""}, {""city"": ""San Francisco"", ""country"": ""United States"", ""coordinates"": {""lat"": 37.7749, ""lng"": -122.4194}, ""visited_date"": ""2022-07-26"", ""duration_days"": 3, ""visit_type"": ""family""}, {""city"": ""Boston"", ""country"": ""United States"", ""coordinates"": {""lat"": 42.3601, ""lng"": -71.0589}, ""visited_date"": ""2021-01-28"", ""duration_days"": 5, ""visit_type"": ""leisure""}]",73.99.61.195,macOS,Ventura 13.6,desktop
Michael Anderson,erik41@example.net,(241)552-0643x611,489-10-2175,700 Montoya Wall,Los Angeles,CA,90001,1957-03-07,67,Baby Boomer,Male,Two or More Races,Hispanic or Latino - Other,Domestic Partnership,65000,"[{""city"": ""Las Vegas"", ""country"": ""United States"", ""coordinates"": {""lat"": 36.1699, ""lng"": -115.1398}, ""visited_date"": ""2024-03-20"", ""duration_days"": 4, ""visit_type"": ""leisure""}, {""city"": ""Toronto"", ""country"": ""Canada"", ""coordinates"": {""lat"": 43.6532, ""lng"": -79.3832}, ""visited_date"": ""2023-12-12"", ""duration_days"": 13, ""visit_type"": ""relocation""}, {""city"": ""San Diego"", ""country"": ""United States"", ""coordinates"": {""lat"": 32.7157, ""lng"": -117.1611}, ""visited_date"": ""2023-12-12"", ""duration_days"": 1, ""visit_type"": ""leisure""}, {""city"": ""Beijing"", ""country"": ""China"", ""coordinates"": {""lat"": 39.9042, ""lng"": 116.4074}, ""visited_date"": ""2023-01-22"", ""duration_days"": 10, ""visit_type"": ""business""}, {""city"": ""Philadelphia"", ""country"": ""United States"", ""coordinates"": {""lat"": 39.9526, ""lng"": -75.1652}, ""visited_date"": ""2021-09-19"", ""duration_days"": 1, ""visit_type"": ""leisure""}, {""city"": ""Montreal"", ""country"": ""Canada"", ""coordinates"": {""lat"": 45.5017, ""lng"": -73.5673}, ""visited_date"": ""2021-07-16"", ""duration_days"": 4, ""visit_type"": ""leisure""}]",68.148.233.172,macOS,Sonoma 14.2,desktop
Carlos Jones,zdavis@example.org,255-442-6221,451-45-3491,9731 Donald Crossing,Chicago,IL,60601,1992-06-25,32,Millennial,Male,Asian,Hispanic or Latino - Mexican,Single,35000,"[{""city"": ""Phoenix"", ""country"": ""United States"", ""coordinates"": {""lat"": 33.4484, ""lng"": -112.074}, ""visited_date"": ""2024-10-02"", ""duration_days"": 6, ""visit_type"": ""leisure""}, {""city"": ""Lima"", ""country"": ""Peru"", ""coordinates"": {""lat"": -12.0464, ""lng"": -77.0428}, ""visited_date"": ""2024-01-23"", ""duration_days"": 17, ""visit_type"": ""business""}, {""city"": ""Sydney"", ""country"": ""Australia"", ""coordinates"": {""lat"": -33.8688, ""lng"": 151.2093}, ""visited_date"": ""2023-04-23"", ""duration_days"": 3, ""visit_type"": ""leisure""}, {""city"": ""San Diego"", ""country"": ""United States"", ""coordinates"": {""lat"": 32.7157, ""lng"": -117.1611}, ""visited_date"": ""2022-07-22"", ""duration_days"": 5, ""visit_type"": ""business""}, {""city"": ""Dallas"", ""country"": ""United States"", ""coordinates"": {""lat"": 32.7767, ""lng"": -96.797}, ""visited_date"": ""2021-02-18"", ""duration_days"": 6, ""visit_type"": ""business""}]",99.214.53.60,Windows 10,22H2,desktop
Janet Richmond,kylie34@example.net,538-599-9404,766-51-4843,76137 Allison Bridge,Houston,TX,77001,1970-04-25,54,Gen X,Male,White,Not Hispanic or Latino,Divorced,45000,"[{""city"": ""Prague"", ""country"": ""Czech Republic"", ""coordinates"": {""lat"": 50.0755, ""lng"": 14.4378}, ""visited_date"": ""2021-06-08"", ""duration_days"": 5, ""visit_type"": ""business""}]",77.76.46.38,iOS,16.7,mobile
Dr. Bonnie Valencia,rdiaz@example.org,001-871-809-1043x00684,719-52-1351,1418 Terri Drives,New York,NY,10001,1996-08-10,28,Millennial,Male,White,Not Hispanic or Latino,Divorced,80000,"[{""city"": ""Kuala Lumpur"", ""country"": ""Malaysia"", ""coordinates"": {""lat"": 3.139, ""lng"": 101.6869}, ""visited_date"": ""2023-11-21"", ""duration_days"": 14, ""visit_type"": ""business""}, {""city"": ""Tokyo"", ""country"": ""Japan"", ""coordinates"": {""lat"": 35.6762, ""lng"": 139.6503}, ""visited_date"": ""2022-06-06"", ""duration_days"": 15, ""visit_type"": ""business""}, {""city"": ""Singapore"", ""country"": ""Singapore"", ""coordinates"": {""lat"": 1.3521, ""lng"": 103.8198}, ""visited_date"": ""2021-10-09"", ""duration_days"": 5, ""visit_type"": ""transit""}]",74.197.244.215,iOS,17.2,mobile
Jeanette Walters,collinssamuel@example.org,6314617990,123-02-2249,75884 Nathan Summit,Houston,TX,77001,2001-12-02,23,Gen Z,Prefer not to say,Black or African American,Not Hispanic or Latino,Domestic Partnership,85000,"[{""city"": ""Buenos Aires"", ""country"": ""Argentina"", ""coordinates"": {""lat"": -34.6037, ""lng"": -58.3816}, ""visited_date"": ""2024-07-22"", ""duration_days"": 18, ""visit_type"": ""leisure""}, {""city"": ""Stockholm"", ""country"": ""Sweden"", ""coordinates"": {""lat"": 59.3293, ""lng"": 18.0686}, ""visited_date"": ""2024-07-15"", ""duration_days"": 11, ""visit_type"": ""business""}, {""city"": ""Atlanta"", ""country"": ""United States"", ""coordinates"": {""lat"": 33.749, ""lng"": -84.388}, ""visited_date"": ""2023-11-28"", ""duration_days"": 5, ""visit_type"": ""leisure""}, {""city"": ""Bogot\u00e1"", ""country"": ""Colombia"", ""coordinates"": {""lat"": 4.711, ""lng"": -74.0721}, ""visited_date"": ""2022-01-23"", ""duration_days"": 19, ""visit_type"": ""transit""}]",111.76.27.5,iOS,17.2,mobile
Debra Tanner,rogersruben@example.net,949-417-7850,377-21-4180,138 Bradley Wall,New York,NY,10001,1952-03-03,72,Baby Boomer,Female,White,Not Hispanic or Latino,Married,85000,"[{""city"": ""Dubai"", ""country"": ""UAE"", ""coordinates"": {""lat"": 25.2048, ""lng"": 55.2708}, ""visited_date"": ""2024-10-20"", ""duration_days"": 19, ""visit_type"": ""leisure""}, {""city"": ""Amsterdam"", ""country"": ""Netherlands"", ""coordinates"": {""lat"": 52.3676, ""lng"": 4.9041}, ""visited_date"": ""2024-08-24"", ""duration_days"": 6, ""visit_type"": ""leisure""}, {""city"": ""Tel Aviv"", ""country"": ""Israel"", ""coordinates"": {""lat"": 32.0853, ""lng"": 34.7818}, ""visited_date"": ""2023-11-22"", ""duration_days"": 13, ""visit_type"": ""leisure""}, {""city"": ""Zurich"", ""country"": ""Switzerland"", ""coordinates"": {""lat"": 47.3769, ""lng"": 8.5417}, ""visited_date"": ""2021-07-02"", ""duration_days"": 3, ""visit_type"": ""leisure""}]",72.114.232.169,iOS,17.2,mobile
Angel Cox,haroldhorne@example.org,+1-763-353-6541,515-87-0863,80617 Ayala Inlet,Chicago,IL,60601,1974-12-15,50,Gen X,Male,White,Not Hispanic or Latino,Married,190000,"[{""city"": ""Miami"", ""country"": ""United States"", ""coordinates"": {""lat"": 25.7617, ""lng"": -80.1918}, ""visited_date"": ""2024-07-22"", ""duration_days"": 3, ""visit_type"": ""leisure""}, {""city"": ""Rio de Janeiro"", ""country"": ""Brazil"", ""coordinates"": {""lat"": -22.9068, ""lng"": -43.1729}, ""visited_date"": ""2023-12-19"", ""duration_days"": 7, ""visit_type"": ""business""}, {""city"": ""S\u00e3o Paulo"", ""country"": ""Brazil"", ""coordinates"": {""lat"": -23.5505, ""lng"": -46.6333}, ""visited_date"": ""2023-05-13"", ""duration_days"": 12, ""visit_type"": ""relocation""}, {""city"": ""Zurich"", ""country"": ""Switzerland"", ""coordinates"": {""lat"": 47.3769, ""lng"": 8.5417}, ""visited_date"": ""2022-12-18"", ""duration_days"": 20, ""visit_type"": ""transit""}, {""city"": ""Lima"", ""country"": ""Peru"", ""coordinates"": {""lat"": -12.0464, ""lng"": -77.0428}, ""visited_date"": ""2021-11-19"", ""duration_days"": 7, ""visit_type"": ""relocation""}, {""city"": ""Houston"", ""country"": ""United States"", ""coordinates"": {""lat"": 29.7604, ""lng"": -95.3698}, ""visited_date"": ""2021-10-16"", ""duration_days"": 7, ""visit_type"": ""family""}, {""city"": ""Chicago"", ""country"": ""United States"", ""coordinates"": {""lat"": 41.8781, ""lng"": -87.6298}, ""visited_date"": ""2021-07-20"", ""duration_days"": 7, ""visit_type"": ""family""}, {""city"": ""New York"", ""country"": ""United States"", ""coordinates"": {""lat"": 40.7128, ""lng"": -74.006}, ""visited_date"": ""2021-03-05"", ""duration_days"": 6, ""visit_type"": ""leisure""}, {""city"": ""Vancouver"", ""country"": ""Canada"", ""coordinates"": {""lat"": 49.2827, ""lng"": -123.1207}, ""visited_date"": ""2021-01-17"", ""duration_days"": 20, ""visit_type"": ""leisure""}]",71.107.148.176,Android,13,mobile
Juan Smith,kellymueller@example.net,+1-237-559-7383x206,555-45-0158,64138 Robert Circle Apt. 410,New York,NY,10001,1967-09-18,57,Gen X,Female,White,Not Hispanic or Latino,Married,110000,"[{""city"": ""Lagos"", ""country"": ""Nigeria"", ""coordinates"": {""lat"": 6.5244, ""lng"": 3.3792}, ""visited_date"": ""2024-04-09"", ""duration_days"": 8, ""visit_type"": ""leisure""}, {""city"": ""London"", ""country"": ""United Kingdom"", ""coordinates"": {""lat"": 51.5074, ""lng"": -0.1278}, ""visited_date"": ""2022-11-09"", ""duration_days"": 4, ""visit_type"": ""business""}, {""city"": ""Chicago"", ""country"": ""United States"", ""coordinates"": {""lat"": 41.8781, ""lng"": -87.6298}, ""visited_date"": ""2022-04-25"", ""duration_days"": 3, ""visit_type"": ""leisure""}, {""city"": ""New York"", ""country"": ""United States"", ""coordinates"": {""lat"": 40.7128, ""lng"": -74.006}, ""visited_date"": ""2021-02-20"", ""duration_days"": 6, ""visit_type"": ""family""}]",97.199.121.147,iOS,16.7,mobile
Stephanie Meyer,stephen19@example.org,726.719.9062x34456,464-35-3828,29121 Shannon Island,New York,NY,10001,1983-11-11,41,Millennial,Non-binary,White,Not Hispanic or Latino,Married,190000,"[{""city"": ""Atlanta"", ""country"": ""United States"", ""coordinates"": {""lat"": 33.749, ""lng"": -84.388}, ""visited_date"": ""2024-07-02"", ""duration_days"": 5, ""visit_type"": ""leisure""}, {""city"": ""Minneapolis"", ""country"": ""United States"", ""coordinates"": {""lat"": 44.9778, ""lng"": -93.265}, ""visited_date"": ""2024-06-15"", ""duration_days"": 2, ""visit_type"": ""family""}, {""city"": ""Seattle"", ""country"": ""United States"", ""coordinates"": {""lat"": 47.6062, ""lng"": -122.3321}, ""visited_date"": ""2024-03-11"", ""duration_days"": 7, ""visit_type"": ""leisure""}, {""city"": ""Boston"", ""country"": ""United States"", ""coordinates"": {""lat"": 42.3601, ""lng"": -71.0589}, ""visited_date"": ""2022-08-26"", ""duration_days"": 3, ""visit_type"": ""leisure""}, {""city"": ""Jakarta"", ""country"": ""Indonesia"", ""coordinates"": {""lat"": -6.2088, ""lng"": 106.8456}, ""visited_date"": ""2022-03-06"", ""duration_days"": 11, ""visit_type"": ""leisure""}]",69.112.94.34,Android,14,mobile
Joshua Oconnell,shannonford@example.org,524-790-3521,406-66-0803,2067 Cody Cove Apt. 100,New York,NY,10001,1973-02-12,51,Gen X,Male,White,Not Hispanic or Latino,Married,85000,"[{""city"": ""Bogot\u00e1"", ""country"": ""Colombia"", ""coordinates"": {""lat"": 4.711, ""lng"": -74.0721}, ""visited_date"": ""2024-05-21"", ""duration_days"": 19, ""visit_type"": ""business""}, {""city"": ""Chicago"", ""country"": ""United States"", ""coordinates"": {""lat"": 41.8781, ""lng"": -87.6298}, ""visited_date"": ""2024-02-06"", ""duration_days"": 7, ""visit_type"": ""transit""}, {""city"": ""Kuala Lumpur"", ""country"": ""Malaysia"", ""coordinates"": {""lat"": 3.139, ""lng"": 101.6869}, ""visited_date"": ""2022-09-26"", ""duration_days"": 18, ""visit_type"": ""leisure""}, {""city"": ""Singapore"", ""country"": ""Singapore"", ""coordinates"": {""lat"": 1.3521, ""lng"": 103.8198}, ""visited_date"": ""2022-09-24"", ""duration_days"": 19, ""visit_type"": ""leisure""}, {""city"": ""Doha"", ""country"": ""Qatar"", ""coordinates"": {""lat"": 25.2854, ""lng"": 51.531}, ""visited_date"": ""2022-07-26"", ""duration_days"": 15, ""visit_type"": ""transit""}]",96.33.107.109,Android,13,mobile
Vickie Anderson,owatson@example.net,499-341-0137,868-43-2008,0296 Crawford Light,Los Angeles,CA,90001,2002-12-24,22,Gen Z,Female,Black or African American,Hispanic or Latino - Other,Single,25000,"[{""city"": ""Vancouver"", ""country"": ""Canada"", ""coordinates"": {""lat"": 49.2827, ""lng"": -123.1207}, ""visited_date"": ""2024-09-01"", ""duration_days"": 5, ""visit_type"": ""leisure""}, {""city"": ""Los Angeles"", ""country"": ""United States"", ""coordinates"": {""lat"": 34.0522, ""lng"": -118.2437}, ""visited_date"": ""2023-05-14"", ""duration_days"": 6, ""visit_type"": ""leisure""}, {""city"": ""San Francisco"", ""country"": ""United States"", ""coordinates"": {""lat"": 37.7749, ""lng"": -122.4194}, ""visited_date"": ""2021-07-11"", ""duration_days"": 6, ""visit_type"": ""business""}]",104.37.183.54,macOS,Sonoma 14.2,desktop
Carrie Lewis,joshuagriffin@example.org,9992934768,090-36-6276,3838 Veronica Tunnel,Chicago,IL,60601,1975-08-13,49,Gen X,Male,White,Not Hispanic or Latino,Married,65000,"[{""city"": ""Mumbai"", ""country"": ""India"", ""coordinates"": {""lat"": 19.076, ""lng"": 72.8777}, ""visited_date"": ""2023-12-24"", ""duration_days"": 14, ""visit_type"": ""transit""}, {""city"": ""Portland"", ""country"": ""United States"", ""coordinates"": {""lat"": 45.5152, ""lng"": -122.6784}, ""visited_date"": ""2023-02-02"", ""duration_days"": 5, ""visit_type"": ""business""}, {""city"": ""Atlanta"", ""country"": ""United States"", ""coordinates"": {""lat"": 33.749, ""lng"": -84.388}, ""visited_date"": ""2021-09-18"", ""duration_days"": 3, ""visit_type"": ""family""}]",73.72.82.94,Windows 10,22H2,desktop
Karen Harrington,roberta85@example.com,520-459-3040x785,103-32-3952,039 Kelly Villages Apt. 239,Houston,TX,77001,1997-11-26,27,Gen Z,Female,White,Not Hispanic or Latino,Domestic Partnership,110000,"[{""city"": ""Vancouver"", ""country"": ""Canada"", ""coordinates"": {""lat"": 49.2827, ""lng"": -123.1207}, ""visited_date"": ""2023-02-10"", ""duration_days"": 9, ""visit_type"": ""leisure""}, {""city"": ""Cape Town"", ""country"": ""South Africa"", ""coordinates"": {""lat"": -33.9249, ""lng"": 18.4241}, ""visited_date"": ""2022-12-19"", ""duration_days"": 21, ""visit_type"": ""business""}, {""city"": ""Denver"", ""country"": ""United States"", ""coordinates"": {""lat"": 39.7392, ""lng"": -104.9903}, ""visited_date"": ""2022-08-15"", ""duration_days"": 6, ""visit_type"": ""leisure""}, {""city"": ""Phoenix"", ""country"": ""United States"", ""coordinates"": {""lat"": 33.4484, ""lng"": -112.074}, ""visited_date"": ""2022-06-14"", ""duration_days"": 3, ""visit_type"": ""business""}]",75.223.141.184,Windows 11,23H2,desktop
